xcoord,ycoord,eig1,eig2
0.0,0.0,-0.0,0.6469110363250982
0.43870469269388845,0.0,0.0,0.0
0.4794815359148426,0.0,0.0,0.0
0.49373726855785816,0.0,0.0,0.0
0.5010173318674246,0.0,0.0,0.0
0.5055080121409081,0.0,0.0,0.0
0.5085800046545923,0.0,0.0,0.0
0.5108428138792227,0.0,0.0,0.0
0.5127368474871993,0.0,0.0,0.0
0.5140175364029398,0.0,0.0,0.0
0.5151953490938621,0.0,0.0,0.0
0.5162104478270626,0.0,0.0,0.0
0.5170982470188404,0.0,0.0,0.0
0.5178885171752172,0.0,0.0,0.0
0.5186179447611315,0.0,0.0,0.0
0.5192897807782928,0.0,0.0,0.0
0.5199213327894042,0.0,0.0,0.0
0.5205252074229324,0.0,0.0,0.0
0.5211099858661546,0.0,0.0,0.0
0.5216926178379298,0.0,0.0,0.0
0.5222616931050523,0.0,0.0,0.0
0.522834128069553,0.0,0.0,0.0
0.5234221704319376,0.0,0.0,0.0
0.5240262252632965,0.0,0.0,0.0
0.5246612999683709,0.0,0.0,0.0
0.5253396064478411,0.0,0.0,0.0
0.5260678312506223,0.0,0.0,0.0
0.5268771694860775,0.0,0.0,0.0
0.5277762948923014,0.0,0.0,0.0
0.5288089520913185,0.0,0.0,0.0
0.5299966241243186,0.0,0.0,0.0
0.5314446619083009,0.0,0.0,0.0
0.5332263475342095,0.0,0.0,0.0
0.5355503837586989,0.0,0.0,0.0
0.5387252963234043,0.0,0.0,0.0
0.5433870176097769,0.0,0.0,0.0
0.5510291042980593,0.0,0.0,0.0
0.5664603147001372,0.0,0.0,0.0
0.6099107674410723,0.0,0.0,0.0
0.9999999999991903,0.0,0.0,0.0
0.0,0.0004950556569155076,-0.0,0.6463495581834887
0.4385276264927294,0.008322001167941016,0.0,0.0
0.4791134408312915,0.03107035931803863,0.0,0.0
0.49251984496201284,0.06771405269029175,0.05553211934217523,0.0
0.4979060279845113,0.11658693577796991,0.10348992199061754,0.0
0.498988166589675,0.1749830900311127,0.13438694830689635,0.0
0.49704718766082195,0.23925691539834493,0.13970185556464565,0.0
0.4930134546273203,0.30523820025606035,0.14120810672712686,0.0
0.4878449104664048,0.3690527430342534,0.1398152919568596,0.0
0.48242194291088125,0.42781589667935294,0.1409057832062482,0.0
0.4774187474358122,0.47988991659586766,0.14567234789654893,0.0
0.473251284101955,0.524721951140247,0.14712785599184028,0.0
0.47010731614389467,0.5624912897094977,0.1586512035164503,0.0
0.4680215327612222,0.5937472285288548,0.1689570911635217,0.0
0.4669474652519355,0.6191543668601522,0.18325047623335153,0.0
0.46678821923425295,0.6393635844562875,0.19678830385550528,0.0
0.46741969313906495,0.6549366709408831,0.20918168888602603,0.0
0.46870800877485636,0.6663141614596426,0.22789433204808837,0.0
0.47051373000507857,0.6738142370537568,0.24217485038955552,0.0
0.4726976400994035,0.6776374606299207,0.260498742600611,0.0
0.4751285481585671,0.6778724586222117,0.27717553591740623,0.0
0.477693229255792,0.6744988061902202,0.2913521166126759,0.0
0.48030805026778944,0.6673863895012486,0.3049057193014438,0.0
0.48293098022778264,0.6562914100026636,0.3175451985816848,0.0
0.48557231442270316,0.6408506316052603,0.3291956834646395,0.0
0.48830273313287026,0.6205779087010559,0.34064285267252004,0.0
0.4912550186154847,0.5948703653727166,0.35008125761657183,0.0
0.4946078441886631,0.5630478214474335,0.3574400888213425,0.0
0.49856082515039596,0.5244353530185293,0.36351942527595316,0.0
0.5032890237454647,0.47851727468602195,0.3682065684250636,0.0
0.5088626273056314,0.42521332772309306,0.3707899489832428,0.0
0.5151673800514148,0.36524732164944845,0.3675806790738743,0.0
0.5218838972921167,0.3004840599417574,0.3571496128218091,0.0
0.5286132234932557,0.2340355621236995,0.3399605186704828,0.0
0.5351664787866907,0.16990142949233453,0.31019537255739843,0.0
0.541966690809726,0.11221521567172096,0.2634017209532436,0.0
0.5506803661038449,0.06447341990076573,0.1925053431123531,0.0
0.5661324236281875,0.029170114104080432,0.024890383881334684,0.0
0.6100558136934817,0.007729321345038315,0.0,0.0
1.0,0.0006578270810923484,0.0,0.0
0.0,0.000991727249327739,-0.0,0.6458780709096751
0.4380311363484446,0.016511839488294648,0.0,0.0
0.47805881767190483,0.061423994074438645,0.011508393227255921,0.0
0.4891386020910647,0.13248757806589656,0.0780833518411619,0.0
0.48966935081184476,0.22302035185493294,0.09308288994713754,0.0
0.48375757811397024,0.3223151339517548,0.06786793136305812,0.0
0.47445902937963225,0.4187630700891534,0.042571137107665864,0.0
0.46450086722492845,0.5041361281182619,0.036505778599572915,0.0
0.45558263717029934,0.5752381928439921,0.025502119601783873,0.0
0.4483953030938454,0.6325580040623844,0.016077649133979903,0.0
0.44310179989340437,0.6781093878751698,0.010409376266084623,0.0
0.4396329494259773,0.7142849422211371,0.00914219947027584,0.0
0.4379581379571009,0.7430789865644979,0.014222609056644499,0.0
0.4380685733280709,0.7660712368174839,0.027995104205101283,0.0
0.4399453237516253,0.7844286743194202,0.04995675507469884,0.0
0.44352355873740545,0.7989720479071442,0.07357731051455065,0.0
0.44866036191781994,0.8102559208211337,0.09210327927646966,0.0
0.4551147650639772,0.8186427292349386,0.16573616109405767,0.0
0.4625436069576365,0.8243558218612947,0.20261468296014365,0.0
0.47051539476216997,0.8275195164706357,0.23591872576339093,0.0
0.4785422502391178,0.8281856540966028,0.2563061044471905,0.0
0.4861263957755708,0.826345413239904,0.2682346212853285,0.0
0.4928138708551031,0.8219253560301375,0.2755730829721932,0.0
0.4982457343910332,0.8147686599436381,0.28857874076594187,0.0
0.5021989182554707,0.8046031414104458,0.31485608230386297,0.0
0.5046135625494111,0.790997348951624,0.3356015379713895,0.0
0.5056081363418655,0.7733039227555851,0.3438772002389827,0.0
0.5054872419260074,0.750587444042977,0.3508931392008299,0.0
0.5047439566445853,0.7215521596541534,0.3595106817169159,0.0
0.5040561557248868,0.6844874766426328,0.3704146519722035,0.0
0.5042685883627839,0.6372597019328542,0.3824817029469842,0.0
0.506325214155888,0.5774912134192672,0.393528659385197,0.0
0.5110118332410506,0.5033141421628347,0.40083315430839317,0.0
0.5185454611358613,0.414758256375541,0.4029875974950665,0.0
0.5281536993042969,0.315931798167496,0.3987042209075062,0.0
0.5385476716626592,0.21592635243319686,0.37291980020422777,0.0
0.5497424206303839,0.1265044661042322,0.3067331389749711,0.0
0.5662338937788225,0.05772193029693981,0.1953365500362154,0.0
0.6104932064882385,0.015341308847934752,0.0,0.0
1.0,0.001317752783992515,0.0,0.0
0.0,0.001491681231907608,-0.0,0.6455279641823991
0.43720360403229835,0.02444100086280633,0.0,0.0
0.47636749564419184,0.09039254974925273,0.02823306377330525,0.0
0.48404042521746515,0.19190243930924317,0.052596358762210416,0.0
0.4786300610123056,0.31301269568315226,0.022446467484627947,0.0
0.46646676122955105,0.4325002712297288,0.0042504199221383866,0.0
0.4526720772191958,0.5350323762798934,0.0,0.0
0.439993657702768,0.6160406609889287,0.0,0.0
0.42928348789244236,0.6777144903579272,0.0,0.0
0.4204816310058246,0.7245414321860639,0.0,0.0
0.4136587359548274,0.7604803720314309,0.0,0.0
0.4090072912096852,0.7886264430325536,0.0,0.0
0.4069239451591789,0.8111014268262371,0.0,0.0
0.40768278975801214,0.8294490078802028,0.0,0.0
0.41157472491185665,0.8446083382183761,0.0,0.0
0.4187594878634173,0.8571268452678851,0.0,0.0
0.42919599583790796,0.8672664139938638,0.009992318040107216,0.0
0.4425769801288756,0.875103558186489,0.07613307743164544,0.0
0.45828132698369023,0.8806159425857526,0.16468682272751367,0.0
0.47537607654410236,0.8837512688809749,0.20698475528152832,0.0
0.4926953617772408,0.8844832682203503,0.23005289728303074,0.0
0.5089955498339803,0.8828438969206315,0.22939647950902348,0.0
0.523140039410301,0.8789065907296519,0.22265764809943223,0.0
0.5342509943105161,0.8727373175234044,0.23758357471292815,0.0
0.5417923809861563,0.8643354825496119,0.2860323699881222,0.0
0.5455855155452947,0.8535586176720293,0.2893423768081469,0.0
0.5457829118709521,0.8400238629014606,0.29131898610821444,0.0
0.5428297058963335,0.8230119183796213,0.30475502494195233,0.0
0.5374351702341432,0.8013564926845052,0.32446565924365134,0.0
0.5305547818052195,0.7733304314286817,0.3435921843217327,0.0
0.523416354897768,0.7364805609259973,0.3610145306151874,0.0
0.517513520770339,0.6874782372733015,0.3786929655048171,0.0
0.5145593346687379,0.6221853886640196,0.39652594441846933,0.0
0.5162994580454785,0.5363499246476492,0.4126257880867528,0.0
0.5235071738948462,0.4286297703970399,0.4191694144167956,0.0
0.5349867600545812,0.30550102443505106,0.41635001863858867,0.0
0.5485327883214877,0.184020558735284,0.37965526633206736,0.0
0.566434821678183,0.0850721032220913,0.2667046622080888,0.0
0.611226304293245,0.02272191180984216,0.0,0.0
1.0,0.0019819332969081916,0.0,0.0
0.0,0.0019966091833292787,-0.0,0.645329996368453
0.4360438942101315,0.03198818445188668,0.0,0.0
0.4741269177040529,0.11739506621819719,0.025105831441540664,0.0
0.47781695853621536,0.2443695936091495,0.007838109916292253,0.0
0.4667700916033315,0.3849766889992114,0.0,0.0
0.44997872797056626,0.5102408049877281,0.0,0.0
0.43297502199479926,0.6077316233013139,0.0,0.0
0.41753193958602025,0.6789854649107824,0.0,0.0
0.40360882975147605,0.7306448750638844,0.0,0.0
0.3913272183128678,0.7686952202927062,0.0,0.0
0.3812426576154847,0.7975534570189294,0.0,0.0
0.3738791222628727,0.8204268158848023,0.0,0.0
0.3699793031919659,0.8393748401061407,0.0,0.0
0.3702530775046659,0.8557151170118973,0.0,0.0
0.37535881524855463,0.8701908520648401,0.0,0.0
0.3858298986854632,0.8829786179368515,0.0,0.0
0.40196236748138164,0.8939825393056603,0.0,0.0
0.42362899388989345,0.9028750131481122,0.0,0.0
0.450031159885917,0.9092395790508866,0.07750281369407647,0.0
0.4795269783608515,0.9127330498186214,0.1878862477141396,0.0
0.5097402682034157,0.9132052093702795,0.20326600165768913,0.0
0.5380319508381306,0.9107581011850937,0.17360273606849103,0.0
0.5621217323363223,0.9057147697134604,0.1640173791329897,0.0
0.5805083572105331,0.8985265905724102,0.20860569248918656,0.0
0.5925246401631563,0.8896248460172097,0.24572838761315396,0.0
0.5981385656667816,0.8792214386225942,0.24868161696249477,0.0
0.5977405062714413,0.8672618940488538,0.27947291157674387,0.0
0.5920894659272299,0.8533643006951431,0.3066555191741676,0.0
0.5821703877086667,0.8364666433035901,0.330988196662708,0.0
0.5691873115371154,0.8149022286034238,0.3521280081157283,0.0
0.5546652502114487,0.7862143586594691,0.3719473628141073,0.0
0.5404654725878933,0.7468611029972929,0.39020645987628605,0.0
0.5288461827950663,0.6919677551961719,0.40349419611655724,0.0
0.5223758433226521,0.6153484685864171,0.41815845042890515,0.0
0.5235411964564153,0.5109187913790038,0.43081161255752565,0.0
0.5328186032633934,0.37902809883566313,0.4318579662813205,0.0
0.5474400011649125,0.23555852601675475,0.4184080500211781,0.0
0.5667759954529378,0.11070167529328698,0.3197245150871493,0.0
0.6122638527442023,0.029763182466397215,0.03701771269054028,0.0
1.0,0.002652565465714579,0.0,0.0
0.0,0.002508275549662836,-0.0,0.6453079144889918
0.4345496953920116,0.03904244379414248,0.0,0.0
0.47144116613910864,0.1419640283576441,0.006808623931327505,0.0
0.4710226317698493,0.2891537405794604,0.0,0.0
0.45512980670249253,0.4403771259127241,0.0,0.0
0.43465269312037075,0.5636907495844459,0.0,0.0
0.41447701192183034,0.6526317589596103,0.0,0.0
0.3952573071732055,0.7142799754153288,0.0,0.0
0.3770660743492483,0.7572418098478477,0.0,0.09210728699921777
0.3605790616555891,0.788047994648385,0.0,0.360009672819861
0.3464521497936887,0.8114666788869533,0.0,0.3835662761327679
0.33584229092501083,0.8305762665808032,0.0,0.39352180096341016
0.32957676895049187,0.8474595241432272,0.0,0.3906076774470924
0.32863371154343,0.8633233347075047,0.0,0.3762991660890339
0.3339986745230385,0.8786585979415442,0.0,0.24421186558946711
0.34674659347672027,0.8933238916648647,0.0,0.0
0.36791229094625366,0.9066950407265584,0.0,0.0
0.3981226062708144,0.9179395414071095,0.0,0.0
0.4369041953028206,0.9260871916983436,0.055787702561312484,0.0
0.4818376401625069,0.9303432130901839,0.17148062918829826,0.0
0.5283887849557232,0.9303513924050946,0.17554766109180786,0.0
0.5712545215530254,0.9263125953014478,0.12867335368828517,0.0
0.6063789902632382,0.918942238717824,0.11129215755317416,0.0
0.6318322787828909,0.9091686012154565,0.22207120578365752,0.0
0.6475046302698175,0.8979543825667652,0.21774278956751433,0.0
0.6542061068892739,0.8861609942373962,0.2650215547912674,0.0
0.6529741316611138,0.8742131661038093,0.30215734446925097,0.0
0.644930395169126,0.8618985510865523,0.32118900526768995,0.0
0.6310636338513791,0.8483110150277804,0.3362144109953881,0.0
0.61266311350781,0.8318128228468967,0.3537277126721326,0.0
0.5913928567723381,0.8098576668327347,0.37197951119725503,0.0
0.5693872945011798,0.7787447809715102,0.39644332916508845,0.0
0.5492477735332378,0.7332773926419462,0.41986789279565395,0.0
0.5342404562134329,0.6664126460989133,0.4312157283036994,0.0
0.5278944555123127,0.5695682905405137,0.44203636418319975,0.0
0.5326833757723934,0.4372679900611901,0.4491696476000763,-0.0
0.5468041362278363,0.28032117437216714,0.436079752452315,0.0
0.5673023844696056,0.1341776085002902,0.3652924966353849,0.0
0.61361766452178,0.03636610022884795,0.0858363353396759,0.0
1.0,0.0033319320998294356,0.0,0.0
0.0,0.003028541537616247,-0.0,0.6454709392330441
0.4327166163592582,0.04550587329721427,0.0,0.0
0.46841840741320184,0.16375550361365143,0.0,0.0
0.4640962081418377,0.3262003610515396,0.0,0.0
0.4441147139849143,0.4818057969951778,0.0,0.0
0.42030934869255804,0.5996861725853828,0.0,0.0
0.3965946752711387,0.6796107649232812,0.0,0.0
0.37307532233960616,0.7324872082987723,0.0,0.3634092824199742
0.35063789048875327,0.7676090513550439,0.0,0.4102982874897955
0.3299468910634315,0.7921568141253267,0.0,0.4302498510456853
0.3122400843202867,0.8107114551552693,0.0,0.4434426244106151
0.29866013512664225,0.8265883056780255,0.0,0.44201827947965455
0.29005735649327874,0.8420149182153825,0.0,0.444280652883385
0.2874543122826676,0.8582159798172107,0.0,0.4341791776244074
0.29207743688161203,0.8755559236584349,0.0,0.4180768058542138
0.3055518639579059,0.8935160905254156,0.0,0.38749538461006044
0.3299531951454221,0.9108440274734452,0.0,0.0
0.36748948151138466,0.9258580497394342,0.0,0.0
0.41920749255312617,0.9368221132503869,0.0,0.0
0.4830699020326855,0.9427933528225231,0.15869079119660645,0.0
0.5485683477421704,0.9419493243966943,0.1504919430466881,0.0
0.6072830204986964,0.935259123345724,0.08689665592903649,0.0
0.6524855991888323,0.9239550745415124,0.08217551242950984,0.0
0.6829061275423891,0.9097775111897128,0.19218907332758595,0.0
0.7002084197865487,0.8946242836526618,0.24214774924537372,0.0
0.7066580543667671,0.8801048126631245,0.28492140523917203,0.0
0.704158024325684,0.8671387215136125,0.31450364036782796,0.0
0.6940938992147713,0.855751616131066,0.36342951020292463,0.0
0.6774467899830774,0.8450423729351697,0.38990094473380843,0.0
0.6552397240488974,0.8331623960549901,0.41105887755481985,0.0
0.6288046816607292,0.8173081703848064,0.42011817202106067,0.0
0.6002164609337253,0.7936073279807742,0.4275235285401935,0.0
0.5725192123834164,0.7566771399179479,0.41965739905764277,0.0
0.5494132137346615,0.6990219609267769,0.44206749896042963,0.0
0.5353853958169493,0.6106891549167515,0.4547841416800716,-0.0
0.5345402382225393,0.48217249146478286,0.4622306417312025,-0.0
0.5468387329171879,0.3180807664519008,0.4506822102089288,-0.0
0.5680660783548296,0.15516871887953348,0.3987458869071084,0.0
0.6153029945541449,0.042442970491651154,0.14293331051639396,0.0
1.0,0.004022432837066575,0.0,0.0
0.0,0.003559392782258249,-0.0,0.6458080227534964
0.43053716713090767,0.05129573108629407,0.0,0.0
0.46516071498344813,0.1825455360191537,0.0,0.0
0.4573409526530013,0.35589527710059543,0.0,0.0
0.4338762439560791,0.5118633068887481,0.0,0.0
0.40697816876890536,0.6227967645610059,0.0,0.0
0.3794298448109241,0.6943277940907484,0.0,0.36984727211891977
0.35207047454392865,0.7389586437983171,0.0,0.4252472440580072
0.3256448505436168,0.7670451184034723,0.0,0.43437581753247484
0.30161451742576545,0.7855089745587432,0.0,0.42999385157239184
0.28120920465448446,0.7993306652625237,0.0,0.44240779583014295
0.2653956047178311,0.812057265082583,0.0,0.44523445024202496
0.2547513282314949,0.8262790413892592,0.0,0.4347515466936627
0.2503614965221825,0.8433172583462976,0.0,0.42333905524667204
0.2534770411517666,0.8634766913841104,0.0,0.4323475957232442
0.26612031811155007,0.885838990694344,0.0,0.4309456706007525
0.29144685952451915,0.9084408871636236,0.0,0.39114872708932896
0.33382356155359827,0.9286593900483333,0.0,0.0
0.3973160798699544,0.9434814794256395,0.0,0.0
0.4802866708891032,0.9506626689059254,0.148332186393664,0.0
0.5688703652070315,0.9491897810344659,0.12810779714957124,0.0
0.6440488128086367,0.9393188611428742,0.05112924310909201,0.0
0.6970279146383259,0.9226849805023493,0.07954389613545067,0.0
0.7294247528990973,0.9026851523116866,0.19519095898023092,0.0
0.7460541343104204,0.8823518130694317,0.26315310589126895,0.0
0.7509917636904502,0.8640988841563956,0.3101216861714203,0.0
0.7468879440541014,0.8494778390798814,0.36427786920743643,0.0
0.7352679223397159,0.8387268619363591,0.41055995846702836,0.0
0.7169978406744864,0.8307640422890382,0.449195596033569,-0.0
0.6926957975069093,0.8234221758081418,0.4696814426943592,-0.0
0.6631252610230051,0.8135634322656782,0.4736113848470603,-0.0
0.6299427145765478,0.7969524341485074,0.46849510692617297,-0.0
0.5961172868556773,0.7679348530255348,0.46768693894120134,-0.0
0.5659852697955462,0.7187862769775732,0.45106909801886313,-0.0
0.5448041930549944,0.6387851832187341,0.46810053167381077,-0.0
0.5380214561482969,0.5158974915922074,0.4731638552785414,-0.0
0.5476169124870275,0.3490086635587732,0.46778363327621775,-0.0
0.5691126521581767,0.17344073940820856,0.4245343599695207,0.0
0.6173387896065823,0.04791939672899162,0.1860447546406819,0.0
1.0,0.004726616008743462,0.0,0.0
0.0,0.0041029688442712105,-0.0,0.646287269496042
0.4279995747746257,0.05634594837974895,0.0,0.0
0.4617570130402788,0.19821697182095707,0.0,0.0
0.45093976849125156,0.3788474402889555,0.0,0.0
0.4244925157388968,0.5327527193643136,0.0,0.0
0.39458917848001657,0.6365982739581332,0.0,0.3198805801943302
0.36366910895165244,0.7001132537164888,0.0,0.4238687392242033
0.3327683519434799,0.7372674348248065,0.0,0.43196031345236446
0.3033755600953163,0.7584746607759636,0.0,0.4564954922729489
0.2770658943677491,0.7709250169290052,-0.0,0.4958653907422116
0.2549014939946355,0.7798712945892923,-0.0,0.555550754386965
0.23750853809376812,0.7893413473967182,-0.0,0.5762541851763565
0.22538764406327078,0.8022548263930679,-0.0,0.5492596810135287
0.219251687586507,0.8203454007693709,0.0,0.4857104888937328
0.22039604889736453,0.8439449999997083,0.0,0.436251195621119
0.23111350775164408,0.8717644535674355,0.0,0.4251655948648862
0.25533332716924295,0.9009808895186664,0.0,0.42632521326144657
0.2995810424845827,0.9276758471575862,0.0,0.07449107359129052
0.372485312847577,0.9475278418146961,0.0,0.0
0.47647286997133387,0.9570401158167621,0.13392392941662587,0.0
0.5900154951093237,0.9544832630726702,0.10821998127542444,0.0
0.6801518863714341,0.9403652714594697,0.0219335294920172,0.0
0.7372804364248949,0.9172696522310421,0.12709670779191387,0.0
0.7688606231514235,0.8899971665716654,0.21752814810284454,0.0
0.7832194748760555,0.8630656492966082,0.26742042579691083,0.0
0.7858392665394577,0.8402186667967407,0.3445906215054215,0.0
0.7799025867491769,0.8235897147411357,0.4257894882804576,0.0
0.7670733541153026,0.8134001906135968,0.4957885989030567,-0.0
0.7480368699984958,0.8082858972712351,0.5423786909936986,-0.0
0.722975205338935,0.805631517777476,0.5621206172365418,-0.0
0.6920858693803628,0.8017629765055374,0.5588021910186342,-0.0
0.6563271444856704,0.7920601006806377,0.5358995679475412,-0.0
0.6182694598070791,0.7705530529534597,0.5056986587086784,-0.0
0.5825465454689144,0.7292694167894054,0.4912645161245853,-0.0
0.5550641214577448,0.6571421696870821,0.46826930597926997,-0.0
0.5426556987686642,0.5403837157173694,0.4892762428480398,-0.0
0.5491032409243548,0.3735028699778876,0.4839384254038884,-0.0
0.5704768164734322,0.1888471079621007,0.4412159747127441,0.0
0.6197479913386532,0.052735789085661094,0.21328253184617943,0.0
1.0,0.005447210661402449,0.0,0.0
0.0,0.004661590268992933,-0.0,0.6468620759362921
0.4250872012600242,0.060608036279112376,0.0,0.0
0.4582788579760766,0.2107414085884582,0.0,0.0
0.44499572669531945,0.3957313740554074,0.0,0.0
0.4159609933754724,0.5463107596851102,0.0,0.0
0.38339522079441674,0.643212622777747,0.0,0.3961714849450894
0.34951818336024987,0.6993950641642387,0.0,0.4405392963142437
0.31595262819582653,0.7294942135111683,0.0,0.4617053690148147
0.28461356633343693,0.7440198287799586,-0.0,0.5501857018304482
0.2570238388959634,0.7503977956696631,-0.0,0.6526169748723828
0.23394663735130883,0.7543064540865917,-0.0,0.7007231932455926
0.21564768964485997,0.7602266073447066,-0.0,0.7152012797314242
0.2023202837949386,0.7715943205034194,-0.0,0.6943306529960778
0.19450453543663707,0.7906252906430286,-0.0,0.6463278718368564
0.19345531623818327,0.8179000785344581,-0.0,0.5341215715033807
0.2015891295018272,0.8519110177405959,0.0,0.4343242231808253
0.22329002812314025,0.8889521287838329,0.0,0.44850273190664236
0.2667554278354813,0.9234749688677446,0.0,0.4027006216751222
0.34577179821031373,0.9495363666131139,0.0,0.0
0.47077643120989815,0.9619936462568245,0.1033890729312266,0.0
0.611406421577938,0.9582696544081206,0.08989577999939433,0.0
0.7141295545617035,0.9389381352115147,0.0,0.0
0.7721272660646171,0.9080830383703771,0.1662910170181289,0.0
0.8008691051642894,0.8720804636876418,0.22878851632251088,0.0
0.8119121860260855,0.8375878032879238,0.30317901574348927,0.0
0.8117542438308681,0.809876775285723,0.40574746799579253,0.0
0.8038598697617328,0.7913794977446347,0.5141387704773824,-0.0
0.7899802570790898,0.7820589249904122,0.5830581552231019,-0.0
0.7706610739479105,0.7800277659917758,0.6277206970897516,-0.0
0.7457320002400407,0.7821499069396157,0.6467994169841937,-0.0
0.7148284529217174,0.78427080865212,0.6419495332023542,-0.0
0.678182995330165,0.7812757448848094,0.6141531323695174,-0.0
0.6377116620306669,0.7668862586876168,0.568591578520659,-0.0
0.5978630175890939,0.7328998164765703,0.5220475289082385,-0.0
0.5653643677710408,0.6679511459627172,0.501989250302741,-0.0
0.5479614798830861,0.5572426865336995,0.49874309791254406,-0.0
0.5512059743341784,0.39204873537950957,0.4944552035782967,-0.0
0.5721856299420154,0.20132337289599567,0.45341615570590416,-0.0
0.6225579055041128,0.05684840653522953,0.23372118136262332,0.0
1.0,0.006187206648773665,0.0,0.0
0.0,0.005237767639355253,-0.0,0.6474819266215492
0.4217782609402493,0.06405165429236677,0.0,0.0
0.4547782905224353,0.2201602856782577,0.0,0.0
0.439575440578667,0.4071931260201411,0.0,0.0
0.4085474961526622,0.553619110914551,0.0,0.005016980787077266
0.37357332661872866,0.6442700396640769,0.0,0.4303014408878474
0.33736972273385735,0.6937623451650372,0.0,0.4495217065643562
0.30202711126075305,0.7172402901498789,-0.0,0.5421152552167566
0.26966928451911204,0.7253252126339983,-0.0,0.6805944216736479
0.24161822233782193,0.7256961306289083,-0.0,0.7596067747637416
0.21824916453931759,0.7244471301918146,-0.0,0.797636944095545
0.19943078404765952,0.7265210039691676,-0.0,0.8054332071204126
0.18509297473412495,0.7359628554579121,-0.0,0.7899021416820452
0.17564070942798438,0.7555870324728742,-0.0,0.7494979011698405
0.17229134227794246,0.7864609216877538,-0.0,0.6630344326688282
0.17748297765025578,0.8270638336735835,-0.0,0.5073768696573924
0.19595454992384478,0.8728508171664812,0.0,0.4179169940880362
0.23674625362476642,0.9165321049043945,0.0,0.4257271930197709
0.3184147710858281,0.9498765517660618,0.0,0.0
0.46334036087901587,0.9659267979890959,0.06351127205395836,0.0
0.6326938007259415,0.9609428920424926,0.07382760226746392,0.0
0.7450377422103192,0.9356203275804874,0.0,0.0
0.80130190119952,0.8956133157674926,0.14092159654608466,0.0
0.8260675872463753,0.8497093565397734,0.22084815900562124,0.0
0.8334422261117878,0.807212802603989,0.33806972878951014,0.0
0.8301886640538957,0.7748486456083608,0.4871929992674155,-0.0
0.8202342682563477,0.7549116650368287,0.5925289902633487,-0.0
0.8053003942184648,0.746891007407917,0.6602365469615142,-0.0
0.7858881008784077,0.7482041275762108,0.7037353660858281,-0.0
0.7615504024073363,0.7551197465544975,0.7224885009208093,-0.0
0.731443886920662,0.7630192087128881,0.7159270002149285,-0.0
0.6951262925332504,0.7664216046630453,0.6869018005047638,-0.0
0.6537477943815645,0.7586487831548069,0.6325859442411016,-0.0
0.6113560566535367,0.7313040121166705,0.5680635304073295,-0.0
0.5750874395217478,0.6728046626693522,0.5309111818377222,-0.0
0.55352056449557,0.5678072406001229,0.5010690907688437,-0.0
0.5538329861584419,0.4051349817006162,0.5044125846971181,-0.0
0.5742572397257381,0.2108741299794882,0.4641890892875431,-0.0
0.6258005284217611,0.060229965194916066,0.25035168256428675,0.0
1.0,0.006949865671433236,0.0,0.0
0.0,0.005834158031211214,-0.0,0.6481031582474647
0.4180415010303104,0.06666458377194383,0.0,0.0
0.4512867382753052,0.2265679626557392,0.0,0.0
0.4347265047938435,0.4138101555192489,0.0,0.0
0.4020855049499055,0.5560016564847395,0.0,0.36127525546069
0.3652769287863974,0.6409203500354879,0.0,0.44971589078431823
0.3274442448233971,0.6844038226138315,0.0,0.4862328154087402
0.2911371547574494,0.7017789602146022,-0.0,0.6509626529064092
0.2585328482497774,0.7037737489579609,-0.0,0.7690230914636967
0.23060684119472236,0.698367548141312,-0.0,0.8324585562827573
0.20735479875505236,0.6919762732116603,-0.0,0.8599607239287402
0.18826472660519833,0.6900059335669058,-0.0,0.8629970310953667
0.17300999978302886,0.6970640130046247,-0.0,0.8463273794602807
0.16189337109924715,0.7167201789396825,-0.0,0.8112275131053126
0.15616891260583415,0.7507719660781478,-0.0,0.7508778587489451
0.15836370527651703,0.798022451416946,-0.0,0.6285555524543068
0.1731878426995166,0.8531645250159564,0.0,0.43498170907827466
0.21021637102546248,0.9070799857208109,0.0,0.44236179357323746
0.2915151219223786,0.9488654062625096,0.0,0.0
0.45448603049080355,0.9691624429922203,0.05734235587306867,0.0
0.653671310690086,0.9628183226973378,0.05989236247418708,0.0
0.7724818932802824,0.9307135933292763,0.0,0.0
0.8252344724830227,0.8802429148634523,0.1471147726518117,0.0
0.8458006660687527,0.8237836892388786,0.25490307822937075,0.0
0.8489329415476606,0.7734136382549532,0.40321800019211373,0.0
0.8426230332752158,0.736860567978101,0.5553632351077876,-0.0
0.8305331678473756,0.7162184223918074,0.660786075635138,-0.0
0.8145122434104807,0.7100199309865849,0.7258004884695612,-0.0
0.7950219133188956,0.7148610106365144,0.7660350156415136,-0.0
0.7714682454750194,0.7264056488030888,0.7816401381997677,-0.0
0.7425500001913863,0.7396904296073248,0.778181435542414,-0.0
0.7072952874737708,0.7489501690720082,0.7494033534565218,-0.0
0.6661487602019163,0.74716052424059,0.6977948452902477,-0.0
0.6225683867991479,0.7257252878183386,0.6173412052286052,-0.0
0.5836884346181767,0.6728947408590313,0.5531619290993801,-0.0
0.5590150273911696,0.5729670703859735,0.5126882217984274,-0.0
0.5568699225076919,0.41330980679548174,0.5157292594106127,-0.0
0.5766991691735194,0.21756208784734565,0.47315027611275884,-0.0
0.6295121587060649,0.06286995773828873,0.262661048344295,0.0
1.0,0.0077387475632496,0.0,0.0
0.0,0.006453621627666609,-0.0,0.648695484994557
0.41383562685702124,0.06845222675040638,0.0,0.0
0.44781322340742874,0.23009792149415556,0.0,0.0
0.43047467115457594,0.41608115344416063,0.0,0.0
0.3966984942907751,0.554124102210285,0.0,0.3969909091904334
0.3585998135584541,0.6340163289652897,0.0,0.4452746669652525
0.3198183950400983,0.6722176782742957,-0.0,0.5506994201310842
0.2832289892526762,0.6841355310453572,-0.0,0.7289955959618046
0.25095610861941214,0.680567752927143,-0.0,0.8321178512728504
0.22357911819075715,0.6697822160400781,-0.0,0.8845040927680551
0.2006894515361679,0.6584490881140924,-0.0,0.9052474992349171
0.18144350487517652,0.6523432256288003,-0.0,0.9047084474581709
0.16529003210190424,0.656609330772788,-0.0,0.8881667535873844
0.15246576189012748,0.6756253921110518,-0.0,0.8544707072347211
0.14428835468143913,0.7121483362886315,-0.0,0.8008512656929716
0.1434129017761004,0.7656819767193528,-0.0,0.7079302762113647
0.15453833376606146,0.8305402615971911,0.0,0.4900017919121881
0.1872950550109062,0.8954693569458833,0.0,0.44771716590336663
0.26595284326872365,0.9466270021382981,0.0,0.22087891243316568
0.443892603721924,0.9716882414734884,0.05477203210228698,0.0
0.6737768362545051,0.9639564365959797,0.047138707816470816,0.0
0.7963570606621053,0.924276550792944,0.0,0.0
0.84468925897276,0.8626078742713122,0.16030119689806596,0.0
0.8607469655675839,0.7950062192048013,0.2757506727775681,0.0
0.8598065958912968,0.7373966134665668,0.4679318902806997,-0.0
0.8503743193894472,0.6976037240616001,0.6163248648258479,-0.0
0.8360878809395257,0.6771156572940451,0.7153161891856555,-0.0
0.8189049513900551,0.6732361032137659,0.7791513030237277,-0.0
0.7992757814058539,0.6816719491681358,0.8174895862961217,-0.0
0.7764538201055952,0.6975772765202323,0.8334434029364306,-0.0
0.7489894201071131,0.7156698846610696,0.8274147212848596,-0.0
0.7151513096379144,0.730015660949967,0.8022527058417557,-0.0
0.6750208868201094,0.733460306443675,0.7477685141718854,-0.0
0.6313309452317011,0.717080567807443,0.6640817067484106,-0.0
0.5910352205017705,0.6690422276526081,0.5817211661841036,-0.0
0.5642432387427123,0.5734751813331577,0.5367270257404102,-0.0
0.5602141716195379,0.41700061383176024,0.5266259225260109,-0.0
0.5795262266677106,0.22148189725479778,0.48219969804427315,-0.0
0.6337260471659227,0.06477808307309096,0.2722585690698237,0.0
1.0,0.008557770937142842,0.0,0.0
0.0,0.007100062800131687,-0.0,0.6492428749475533
0.4091095757632168,0.06943695760732983,0.0,0.0
0.444341679621315,0.23091112591472449,0.0,0.0
0.4268180746406543,0.41444143314012777,0.0,0.0
0.39240399500128015,0.5485679026629862,0.0,0.42540929363461527
0.35357043242349967,0.6241900418428782,0.0,0.46301194242588434
0.31445901518257136,0.6579041157183676,-0.0,0.626618375317115
0.27812808918506815,0.6651918620913856,-0.0,0.7877067399902667
0.2465998534722653,0.6566728750395904,-0.0,0.8777381941915684
0.22002917509862438,0.6410819169426264,-0.0,0.9221343384221781
0.19765185517065148,0.6251880524635516,-0.0,0.936810025066752
0.17831286186345813,0.6150333319804819,-0.0,0.9320604664835186
0.1612407746001847,0.6161969260263747,-0.0,0.9144156275769888
0.14659897600354296,0.6338476384577985,-0.0,0.8856387045289209
0.13590392911567695,0.6719184545270224,-0.0,0.835946535520486
0.13191020834278688,0.730999787907444,-0.0,0.7590949954710081
0.13939462945854378,0.8054877464420205,-0.0,0.5916004697361862
0.16776497186371808,0.8821021720402555,0.0,0.42006025187621254
0.24230396652320774,0.9433963992691279,0.0,0.4022097228073618
0.43225870768774904,0.9738134507328992,0.027434878885660284,0.0
0.6930605387154025,0.9646831030948884,0.03537265195514621,0.0
0.8169210162177795,0.9169095362764936,0.0,0.0
0.8604209656680564,0.84326822650121,0.17064254697501144,0.0
0.8716101793811112,0.7648769940285958,0.2966389388063396,0.0
0.867127201847007,0.7004822005896447,0.5180390834608603,-0.0
0.8546469105666529,0.65860740549249,0.6542229045471435,-0.0
0.8381288615484704,0.6392790959199925,0.7583982956281989,-0.0
0.8196692466801382,0.6380233564059701,0.8188127565560478,-0.0
0.7997353463241276,0.649912220150632,0.8614302906482835,-0.0
0.777568897339776,0.6697226330791587,0.8781563628876171,-0.0
0.7514172845980652,0.6919386516045876,0.8726547021689982,-0.0
0.7192827534342037,0.7105236842539897,0.8449619826287081,-0.0
0.6806130557636758,0.7184150521607553,0.7921696801927728,-0.0
0.6376544246338784,0.7060323805513762,0.7091916422248407,-0.0
0.5969990275953312,0.6618602394833178,0.6117910793472938,-0.0
0.5690704295338056,0.5698944067074455,0.5595058563120736,-0.0
0.5638009708930691,0.4165968932028382,0.5353699793812828,-0.0
0.5827744749601457,0.2227559066961884,0.4910030380760173,-0.0
0.6385096295741705,0.06596356183359925,0.2796218082902343,0.0
1.0,0.009411771481748252,0.0,0.0
0.0,0.007778431738408484,-0.0,0.6497403836329005
0.4038025936950097,0.06965726885726115,0.0,0.0
0.4408322268957903,0.22918760760948237,0.0,0.0
0.42372146547557804,0.40927978996145636,0.0,0.0
0.3891876843087418,0.5397627812040448,0.0,0.4408794096726918
0.3501575618124317,0.6118966344769643,0.0,0.48779013881731853
0.311250379771464,0.6419779131495142,-0.0,0.6817981565359
0.2756338254137122,0.6453172095640578,-0.0,0.8303823054584927
0.24508029772918843,0.6328260738483159,-0.0,0.9117071987379848
0.2194653968318431,0.6131456854217634,-0.0,0.9494590586164525
0.19767404984906034,0.593228268239421,-0.0,0.95919681615401
0.17826398002700028,0.5792726150944203,-0.0,0.9499031870909593
0.16023962961016303,0.577201584518417,-0.0,0.9284031232522614
0.14373304871751796,0.5928821222934072,-0.0,0.9020561984247578
0.13038766788588885,0.6314019679516092,-0.0,0.862457368733462
0.12321535783886003,0.6949984869325537,-0.0,0.7921802088771236
0.12713937008489934,0.7786532010182025,-0.0,0.6515233751821723
0.15122876604880126,0.8672758850835138,0.0,0.4225609540755387
0.22085839541011792,0.9393360401363363,0.0,0.4231057997408347
0.4196529057953614,0.9755614056979142,0.0,0.0
0.7112885642229001,0.9650454811085437,0.02547228705249662,0.0
0.8345424452950246,0.9086994706628991,0.0,0.0
0.8731641437236111,0.8226331044692315,0.1761560951563485,0.0
0.8799203215461457,0.7337222199126525,0.3364774806150063,0.0
0.8716962434934528,0.6639713434245615,0.5574715150053496,-0.0
0.8559372125301808,0.6212950762417082,0.7039700801238717,-0.0
0.837101657258443,0.6035431827910946,0.7941936218663747,-0.0
0.8174109159507034,0.6052301663892962,0.856066332781036,-0.0
0.7972550049462593,0.6204171249028831,0.8950930617190176,-0.0
0.7756528901962432,0.6435678236566597,0.9133139349099695,-0.0
0.7507179943749852,0.6691323098836924,0.9074938393389183,-0.0
0.7202943265009952,0.6910551797635467,0.8809778419845562,-0.0
0.6833270581798639,0.7022754558812918,0.8282779074708938,-0.0
0.6417055810630292,0.6930144503959934,0.7448241050673864,-0.0
0.601588229940201,0.6517706264958428,0.6358795052157911,-0.0
0.5734472561932435,0.562623391801625,0.5767755741030973,-0.0
0.5676542961999731,0.4125176127610265,0.5452832358464857,-0.0
0.5864395929113617,0.2215626279098621,0.49893957720732973,-0.0
0.6439141562465078,0.06647190468259291,0.2839889802944829,0.0
1.0,0.010306016147950837,0.0,0.0
0.0,0.008492399141211047,-0.0,0.6501889180464385
0.3978402960285419,0.06916630987159708,0.0,0.0
0.43722389252989324,0.2251235011082346,0.0,0.0
0.4211405097048837,0.4008639804920544,0.0,0.0
0.3870026109624466,0.5280131894997816,0.0,0.45669747985464365
0.34827894290363887,0.5974440977830752,-0.0,0.5055411285437263
0.31002103650223833,0.6247849221443312,-0.0,0.7204276916540379
0.2754218712035458,0.6251328688701039,-0.0,0.8611282419461256
0.24600760932270493,0.6095195123766168,-0.0,0.9363662571905802
0.22141361433315315,0.5865526969774614,-0.0,0.9696336142056919
0.20022457776549957,0.5632497374024186,-0.0,0.9753030212143418
0.18074576137540763,0.5458632511427562,-0.0,0.9608697225109513
0.16179713192307346,0.540520887361363,-0.0,0.9366510298914598
0.14339248018044362,0.5536687747385776,-0.0,0.9083574664684876
0.1272432670947552,0.5917013304163006,-0.0,0.877331876545495
0.11682260342891522,0.6586338754858885,-0.0,0.8154839408429266
0.11725331238699058,0.7507154181455112,-0.0,0.7027509412142008
0.13728840908167522,0.8513516781651681,0.0,0.43612651326536345
0.20168291577546948,0.9346360942294023,0.0,0.4327543407920164
0.40631731289163076,0.9769926932589227,0.0,0.0
0.7283622920770285,0.9651502069503648,0.016886843368169323,0.0
0.8496517029589618,0.8998753465287387,0.0,0.0
0.8833547448197838,0.8012487382652913,0.16963152878896776,0.0
0.8859956787841503,0.702547773385363,0.37717669068465925,0.0
0.8740373910148856,0.6286349643209684,0.5938762538017361,-0.0
0.8552092495172734,0.5859428729045991,0.7319142745595991,-0.0
0.8341255189562881,0.5704039584734221,0.8214474867627644,-0.0
0.8131183654229279,0.5751226035710527,0.8807245726136609,-0.0
0.7925835611682476,0.5934155139943537,0.9221957040404992,-0.0
0.7714224460134526,0.6194048323596885,0.9418601935666996,-0.0
0.7475849333244761,0.6475592262580415,0.9383168853717678,-0.0
0.7187686011023867,0.671908094002107,0.9101020988641797,-0.0
0.6836095294372726,0.6854020114351038,0.8567719980080011,-0.0
0.6437640683966019,0.6783198939615158,0.7739686315460745,-0.0
0.6049142116115338,0.639035177419482,0.6622050498248309,-0.0
0.5773966706870343,0.551945874805511,0.5901179952939273,-0.0
0.5716667694719485,0.4048236251082643,0.553632798191876,-0.0
0.5905622370953023,0.21808658865594927,0.5059040543017573,-0.0
0.6500003225419705,0.06635347054738643,0.28589075193566627,0.0
1.0,0.011246183902569514,0.0,0.0
0.0,0.009247718558654614,-0.0,0.6505912871274061
0.3911323626988042,0.06803050450361169,0.0,0.0
0.43343377093393726,0.21893093709789518,0.0,0.0
0.4189855617480768,0.3894532923294284,0.0,0.0
0.38576848412892223,0.513522519181874,0.0,0.4678922060776302
0.34781077452378395,0.5810176887118382,-0.0,0.5266249599239177
0.3105659378643416,0.6065121804065545,-0.0,0.7477985947224632
0.2771899389794717,0.6048309380648349,-0.0,0.8826118574716717
0.2490033331860537,0.5869965197061807,-0.0,0.9536509016547263
0.22542779642798036,0.5615783019781208,-0.0,0.9842780531824041
0.204817430142759,0.5355668481118815,-0.0,0.9868051105166522
0.18524861690578204,0.5151738132124154,-0.0,0.9694626549761572
0.16531729009229207,0.5066711940856322,-0.0,0.9399367623268335
0.14494659757664005,0.5170039943489588,-0.0,0.9094910721356573
0.1259845148949212,0.5537235814918169,-0.0,0.881867854680084
0.11225616988750188,0.6228238746059385,-0.0,0.8329071270881003
0.10928258443387742,0.7223387317163592,-0.0,0.7344450517567994
0.12551740293724234,0.8346956922024974,0.0,0.4532699563232523
0.18467623492674712,0.9294759892549773,0.0,0.43895559265972556
0.3933270644787544,0.9789302643450519,0.0,0.0
0.7445095816636265,0.9651338001008111,0.009247687795609671,0.0
0.8626493543928435,0.8906682655582021,0.0,0.0
0.8916476030492326,0.7795724354681556,0.16470385644996163,0.0
0.890393152796322,0.6720029814069591,0.4100872067742135,0.0
0.8749268065682516,0.5950797079377693,0.6247478226916704,-0.0
0.853125945552961,0.5531470560573013,0.7537395674269549,-0.0
0.8298166165139861,0.540136503263023,0.84078374934376,-0.0
0.8074372953783577,0.5477831812134697,0.900618015632334,-0.0
0.7863952526425296,0.5688323418971509,0.9447601584342188,-0.0
0.7654991048953427,0.5971588388155392,0.965011220469254,-0.0
0.7425859762590389,0.6272123641927623,0.9617107773002085,-0.0
0.7152435527483972,0.6531254775935625,0.9335197486402532,-0.0
0.6818815923487488,0.6679523409060194,0.8794032644062503,-0.0
0.6441439163724352,0.6620499449974001,0.7962919557144634,-0.0
0.6071617193451949,0.6237898124768521,0.6843882649901868,-0.0
0.5810012160141869,0.5380663650735181,0.5999206873581261,-0.0
0.5758845303186969,0.39385358616064725,0.5605912306322686,-0.0
0.5951823140092937,0.21254256746535427,0.5110429078650861,-0.0
0.6568463324602223,0.0656705447642988,0.28517243079777027,0.0
1.0,0.012239255202642775,0.0,0.0
0.0,0.010051202988376105,-0.0,0.650949629588173
0.3835720006086582,0.066328096921389,0.0,0.0
0.4293552530626921,0.21083845133191154,0.0,0.0
0.4171365821594367,0.375295916643696,0.0,0.16114823334094747
0.38536960215854665,0.4964198301127122,0.0,0.4721742423197205
0.3486060900187693,0.5626552103477949,-0.0,0.5447714282822049
0.31265888753604804,0.5872008583572272,-0.0,0.7649128311547758
0.280643792433972,0.5844201249096679,-0.0,0.8957969189742241
0.2537056918209335,0.5652659867050689,-0.0,0.9646964938647223
0.23109652357515936,0.5382135432564952,-0.0,0.9940009239042775
0.21100074670542562,0.5101482407780324,-0.0,0.9950937289185036
0.1912745497374627,0.48724335293742227,-0.0,0.9748868063651742
0.17030913109283838,0.47585699109569474,-0.0,0.9414573076041515
0.14792781638924724,0.48331321195926624,-0.0,0.9068452775451314
0.12611880923662067,0.5181582419994908,-0.0,0.8798925371233804
0.10911253879432742,0.5883567912749084,-0.0,0.8440492888283756
0.1028169068946651,0.6941979962149265,-0.0,0.7545783718693685
0.11554999776297892,0.8177016667009598,-0.0,0.4987721212050421
0.16976555112588793,0.9239446505530636,0.0,0.4477890885053114
0.37839242581540855,0.9791573887096158,0.0,0.0
0.7589556158545836,0.9648377729757756,0.003143237373968031,0.0
0.8735321301533069,0.8812635737879122,0.0,0.0
0.8984206514656115,0.758076611063385,0.1702075702917339,0.0
0.8936130726468835,0.6427168432585302,0.4348517314185689,0.0
0.8748349819886139,0.5636918690023748,0.6460645593275058,-0.0
0.8501957022614662,0.523085167756224,0.772462898438723,-0.0
0.8246761105838528,0.5126626326544983,0.8530962916528672,-0.0
0.8008942554450031,0.5229805157215975,0.9179455527416471,-0.0
0.7792285516443219,0.5463718034586019,0.9622955752373017,-0.0
0.7584192172786073,0.576517173167032,0.9830283066539296,-0.0
0.7362345835990883,0.6078347432337883,0.9792104139011484,-0.0
0.7102082182152991,0.6345292353645626,0.9500647269905447,-0.0
0.6786782194621955,0.6497549796054484,0.8956277162247032,-0.0
0.6431954945313993,0.6441531348598397,0.8121227087222798,-0.0
0.6085677869854038,0.6060712046450207,0.7004844317024538,-0.0
0.5843886614406734,0.5211417998500916,0.6141066638475328,-0.0
0.5804038469083366,0.3800098958676997,0.5680116117406107,-0.0
0.6003613048599488,0.20515753548961163,0.5148365364212927,-0.0
0.6645418260145621,0.06449794980731029,0.28130628681056513,0.0
1.0,0.013293324064550862,0.0,0.0
0.0,0.010910290489660938,-0.0,0.6512651691206988
0.37503491632934904,0.06414759479634118,0.0,0.0
0.4248560602141253,0.20109191564190398,0.0,0.0
0.41544831891790146,0.3586139252527751,0.0,0.23133729655704316
0.38565284150374113,0.4767864449871776,0.0,0.47522899525363027
0.350472215046801,0.5423398750575508,-0.0,0.5564048436467025
0.31605845040212244,0.5667591012698296,-0.0,0.7727720715068224
0.2854901262761893,0.563760510122215,-0.0,0.9014925351528138
0.25977233295396346,0.5441354226560682,-0.0,0.9699470446350986
0.23803887471252583,0.5162121181302413,-0.0,0.9991701887389123
0.21834239383547188,0.486738656427362,-0.0,0.99977878790594
0.19836383060114637,0.46185930774811623,-0.0,0.9777674746361467
0.17631257419345842,0.44797187688104967,-0.0,0.9398373518620518
0.15189991879026873,0.45269339424689853,-0.0,0.9013456981648458
0.12724376682133137,0.48541229358148547,-0.0,0.8739606086700379
0.10700390548149244,0.555864743096927,-0.0,0.8484191838702687
0.09754877877571043,0.6669037097146637,-0.0,0.7681392931340003
0.10704877438234478,0.8008752475454705,-0.0,0.5478364509398864
0.15667787830866498,0.9182506010800774,0.0,0.4527029518193566
0.3642266095823163,0.9800112164669613,0.0,0.0
0.772377743047128,0.9645564011013001,0.0,0.0
0.8829362334918941,0.8718580598217983,0.0,0.0
0.9041234114414805,0.7372850086042942,0.1778883250281362,0.0
0.8960205016840337,0.6151721021890606,0.45111191382821253,-0.0
0.8742107314125208,0.53478524065975,0.6605186541126665,-0.0
0.8468069968725158,0.49577863715587905,0.782340469699439,-0.0
0.8191474149965549,0.4876691319411067,0.8618039839483146,-0.0
0.7939325621665912,0.500303416578908,0.9285937632268515,-0.0
0.7715389172409679,0.5255973694249321,0.9734976197160838,-0.0
0.7506515273855848,0.5570532984505053,0.9946582418406485,-0.0
0.7289892852254243,0.5890208099691299,0.9906878131866886,-0.0
0.7041257781483242,0.6157732947286764,0.9613370497854606,-0.0
0.6744200125874915,0.630580934938463,0.9058993040905635,-0.0
0.6413033755902274,0.6244497502901208,0.8214175247648552,-0.0
0.6094097000420968,0.5858317696467765,0.711754823873395,-0.0
0.5877160754352013,0.5013022932675872,0.6253529760121195,-0.0
0.5852784227982909,0.3635298953227148,0.5744771594971338,-0.0
0.6061783028387325,0.19618086933673526,0.5171926687704241,-0.0
0.6731725835724802,0.06292665260313161,0.27504093914930683,0.0
1.0,0.01441696006644841,0.0,0.0
0.0,0.011826992256408007,-0.0,0.6515370142221257
0.3653790471195673,0.06158642260607602,0.0,0.0
0.41977652139104127,0.18995323990449345,0.0,0.0
0.4137340228768981,0.33964904598387496,0.0,0.27536800062669226
0.3864259114653211,0.4546798727356124,0.0,0.4800961137501424
0.35319134905752414,0.5199724298918438,-0.0,0.5602039269011317
0.32050846025852536,0.5449813966495642,-0.0,0.7720480709464169
0.2914345958824984,0.5425757972621966,-0.0,0.8999504052886909
0.26687567138190715,0.5232545746772735,-0.0,0.9692106519133865
0.2458940620687105,0.4951744785235907,-0.0,0.9992171918907613
0.22644194250564723,0.46494871352613304,-0.0,1.0
0.20609317932019808,0.43862592600562084,-0.0,0.9767693631370351
0.18288234530164205,0.42269643139634705,-0.0,0.9359759332417126
0.15642532378819865,0.42502272106187927,-0.0,0.893515835238337
0.12897658037490958,0.45551770626432697,-0.0,0.8655278150887329
0.10560017204900862,0.525785915479838,-0.0,0.8477141178167025
0.09316153742892626,0.6410092740922075,-0.0,0.7772932678261402
0.09974158560217836,0.7846149478131642,-0.0,0.5798296938701736
0.1451875441124771,0.9125919978697181,0.0,0.4557995213153304
0.3500983539387654,0.9806619028043173,0.0,0.0
0.7846181034999112,0.9642795995075224,0.0,0.0
0.8911706593834656,0.8629210081502157,0.0,0.0
0.9089662525849795,0.7177463146346789,0.18033621930111457,0.0
0.897924263902185,0.5897548730645851,0.45980499005904746,-0.0
0.8732954633852371,0.5086530494928756,0.6671058823928474,-0.0
0.8433485147403714,0.47097871755479415,0.7855399811533916,-0.0
0.8136447399941099,0.4647343250333903,0.8657011099392795,-0.0
0.7869775778200421,0.4791909088316038,0.9332099208699237,-0.0
0.763762758697008,0.5058818497229299,0.9785679744209203,-0.0
0.7426259877154191,0.5381232242625156,1.0,-0.0
0.7212588892582181,0.5702375187367464,0.9960003167860741,-0.0
0.6974370883233023,0.5964058739749251,0.9662769694076312,-0.0
0.6695298430267035,0.61009084304605,0.9102433743843306,-0.0
0.6388873173403679,0.6026505251762622,0.8251593747940212,-0.0
0.610005222715599,0.5629185849194039,0.7184710608640711,-0.0
0.5911673437639101,0.4786036591534761,0.6328108749251071,-0.0
0.590582285947393,0.34469219937509005,0.5815926273895397,-0.0
0.6127005099744552,0.1859372110520616,0.5167468540752922,-0.0
0.6828366516855368,0.061129060825140434,0.26668471790484466,0.0
1.0,0.015618245437544939,0.0,0.0
0.0,0.01282457073039248,-0.0,0.6517760492521307
0.35444516937682,0.058749250361610744,0.0,0.0
0.41392776966115974,0.17769334053867467,0.0,0.0
0.411765941325699,0.31868120431075625,0.0,0.2802312684636979
0.3874536880776303,0.4301612389079956,0.0,0.48565668093625786
0.3565124262548895,0.49541467831302155,-0.0,0.5567194505339539
0.3257313323292736,0.5215942793345147,-0.0,0.7629624479230257
0.2981763920436631,0.520484629357824,-0.0,0.8908924612306899
0.2746935474378714,0.5021608613667627,-0.0,0.9619783414809129
0.25431541720570155,0.47457693776064447,-0.0,0.9933817886322263
0.23495072693278873,0.444168370269146,-0.0,0.9947837202611636
0.21406018268711227,0.41701786851349126,-0.0,0.9710938128042905
0.1895907975266819,0.3995811264960025,-0.0,0.9283609105902013
0.16108479300437314,0.399995037811604,-0.0,0.8829919414069991
0.1309149255333333,0.42870955189803994,-0.0,0.8557189353231989
0.10459271092127519,0.4984023648120238,-0.0,0.8435999532549334
0.08940858284266333,0.6170129782253024,-0.0,0.7828932100594955
0.09342458566588831,0.7693133991625835,-0.0,0.6028490839764781
0.13513496896106897,0.9072842686927917,0.0,0.46119596764115517
0.33658786713675765,0.9812770526920739,0.0,0.0
0.7957328043619087,0.96404707978845,0.0,0.0
0.898326729793558,0.8548476120383307,0.0,0.0
0.9131662752547927,0.6996564090224933,0.17791394022699306,0.0
0.8995823286505806,0.56666200634111,0.4623878986889822,-0.0
0.8724584561724957,0.48495664083008655,0.6679086975606805,-0.0
0.8402224600112933,0.4482443634175389,0.7845018243155144,-0.0
0.8085649568986533,0.44340322804498056,0.8650046161836024,-0.0
0.7804362713697579,0.4591106312809708,0.9327136713383433,-0.0
0.7562663735999786,0.4866453087873149,0.9771575768971342,-0.0
0.7346784141543342,0.5191159429504425,0.998724354876688,-0.0
0.7135147905296341,0.5507627715440971,0.9948425123088941,-0.0
0.6905587070499029,0.5758053127758277,0.9647660213540689,-0.0
0.6644472095246494,0.5878027924073664,0.9089464519042254,-0.0
0.6363635158614722,0.5783744761434116,0.823695885472136,-0.0
0.6107018131003452,0.5370637436986495,0.7204238156592387,-0.0
0.5949753227391017,0.4529447907562487,0.6383905122858449,-0.0
0.5964567173710188,0.32361146147182457,0.5863578194189922,-0.0
0.620077589584235,0.17461607033704765,0.5154183368219316,-0.0
0.6936295814679606,0.059101030364312565,0.2516224233814263,0.0
1.0,0.01691875928685047,0.0,0.0
0.0,0.013917070595838995,-0.0,0.6519952174012722
0.3420606302960144,0.05574598996078357,0.0,0.0
0.4070833882907854,0.1646199589590658,0.0,0.0
0.40927939092878407,0.2960308734078344,0.0,0.250825821128432
0.38845183661247673,0.403329071610522,0.0,0.4909528475627468
0.3601429882068437,0.4685250349477965,-0.0,0.552352506017081
0.33142101513942135,0.4962804744806111,-0.0,0.7456467021428369
0.3053980848509021,0.49704303961293145,-0.0,0.8740069329433824
0.2828954669985647,0.48032345714651825,-0.0,0.9475958267667253
0.26295860279037875,0.45382291907033256,-0.0,0.9808371532863779
0.2434827687317026,0.42386886553227154,-0.0,0.9831387440219612
0.22187211693442216,0.3964560170266849,-0.0,0.9595650906114321
0.19602362836717924,0.37813249744190186,-0.0,0.9159438849773328
0.16546973651701286,0.377253248856338,-0.0,0.8695243290859295
0.13271228414398317,0.4046286265289788,-0.0,0.843978008133205
0.10368902233849897,0.4738776828740833,-0.0,0.8373022010723501
0.08607954288741165,0.5953096443396914,-0.0,0.7852232662124181
0.08788836092922875,0.7553249505280926,-0.0,0.6180788333023931
0.12631453749410293,0.9024442368225164,0.0,0.4630967756311948
0.32361307566988856,0.9818429695128013,0.0,0.0
0.8058067192549156,0.9638919122844364,0.0,0.0
0.904572430544237,0.8475495877252966,0.0,0.0
0.9169313303378536,0.6833607279947497,0.1703609092627114,0.0
0.9012374465491859,0.546022429316334,0.45887962089687356,-0.0
0.8720128589736899,0.4635784384066176,0.664101912716718,-0.0
0.8377303422696082,0.42735534506945766,0.7809385436378348,-0.0
0.8042435827624902,0.42324916412926383,0.8596442465050617,-0.0
0.774643860718446,0.4395380310295915,0.9259754229566757,-0.0
0.7494184868080228,0.46730658252460344,0.9693290560985748,-0.0
0.7272845958040646,0.4994411594866904,0.9908865295274417,-0.0
0.7061528337233994,0.5300258095986256,0.9871375281229436,-0.0
0.6839239563890613,0.5534129387934356,0.9573186703328215,-0.0
0.6595606302935796,0.5631754576393975,0.9013362179750158,-0.0
0.6341307160076639,0.5513724483891511,0.8163029333546845,-0.0
0.6118389234651564,0.5082187941249922,0.7189738271495619,-0.0
0.5993707052530117,0.4245513308889199,0.639730841375293,-0.0
0.6030706714517844,0.30069202242563225,0.5894776045198317,-0.0
0.6285037983798965,0.1627908555779713,0.5129900126946296,-0.0
0.7058881783106528,0.05667030506128062,0.2275554864343272,0.0
1.0,0.0183356031650152,0.0,0.0
0.0,0.015113426096152734,-0.0,0.6522052790631642
0.3280409898501805,0.052690877463570436,0.0,0.0
0.39897568089203655,0.15105374302024294,0.0,0.0
0.40596632472640654,0.2720736958913178,0.0,0.20086883067491815
0.3890794274685585,0.37435443118982653,0.0,0.49259535604716215
0.3637411308762607,0.4392234707075261,-0.0,0.5459027352653146
0.3372307734141198,0.4687322662732368,-0.0,0.7188905520862566
0.31275108180419453,0.4717963434076274,-0.0,0.8489638703408813
0.29112969457157667,0.45719858981631123,-0.0,0.9253871204723109
0.2714611199175407,0.43231664145499565,-0.0,0.9607315137882051
0.25165262409572614,0.40339619215895994,-0.0,0.9643931878709869
0.22913337322521568,0.3763796125699224,-0.0,0.941535019075567
0.20177385759457916,0.3578786443203663,-0.0,0.8981823467364797
0.16918327786880566,0.356434041431264,-0.0,0.8530800480732115
0.13401774856492385,0.38312641416248017,-0.0,0.8307341068959553
0.1026221181361261,0.45229112655861564,-0.0,0.8296793294747485
0.0829809880170608,0.576224521120611,-0.0,0.7845679205427801
0.08296231371911753,0.7429961302755905,-0.0,0.6268988891856953
0.11853837170876154,0.898198480385393,0.0,0.4612008127409205
0.3111698284442579,0.9823462412426888,0.0,0.0
0.814956369755578,0.9638784725640255,0.0,0.0
0.9101353373660187,0.8412543728103914,0.0,0.0
0.920425940329345,0.6691663124396536,0.15640734844805515,0.0
0.9030825748643214,0.5279108312890777,0.4492732547629336,-0.0
0.8721774325211061,0.4444390466682941,0.6550710846070916,-0.0
0.8361472036660422,0.4080466379971723,0.7724517157897623,-0.0
0.8009839000833114,0.40388413351972247,0.849106612849341,-0.0
0.769934755927887,0.41997268346754707,0.913561698717868,-0.0
0.743598849878075,0.4472278668122767,0.9556406156279637,-0.0
0.7208018938382632,0.47840000054795884,0.9766222467072794,-0.0
0.6995773314935486,0.5074542438295895,0.9727243210584186,-0.0
0.6780589569274718,0.5286837147228957,0.9429094796532869,-0.0
0.6553933143040793,0.5357949139573053,0.8869067454594212,-0.0
0.6327044971814263,0.5212661656042473,0.8043694576291793,-0.0
0.6138036641444661,0.47643793246283334,0.7110080541904984,-0.0
0.6045946271876264,0.3938684201280094,0.6378227930783993,-0.0
0.6105560987668018,0.2766242332584103,0.5896622777954805,-0.0
0.6381204057296591,0.15014743995436222,0.5075675278910059,-0.0
0.7194856654166716,0.0544083877201662,0.1950016335303521,0.0
1.0,0.019883888060243878,0.0,0.0
0.0,0.01643323387444116,-0.0,0.6524378025362042
0.31219878673708923,0.04970100340420229,0.0,0.0
0.3892926654889773,0.13731863073998518,0.0,0.0
0.40146430515127,0.24725319900082024,0.0,0.02952585161953184
0.3889299120890828,0.3435232016229309,0.0,0.4876612395769243
0.3668958610981221,0.4075680737050286,-0.0,0.5365471136778847
0.3427594257613356,0.43874736180446877,-0.0,0.6821286265162552
0.3198361844387672,0.4443445957990804,-0.0,0.8161336309173829
0.29900324911398407,0.43228782079925776,-0.0,0.8945250466973284
0.2794175125654463,0.4095396408218873,-0.0,0.9324542778589628
0.25906176814108617,0.38223146137019165,-0.0,0.9377757922166868
0.23542968807359516,0.3563045539149563,-0.0,0.916444951653522
0.20643395152013727,0.3384268336937508,-0.0,0.874833759789075
0.17183664316357714,0.33719930253802266,-0.0,0.8339095132589894
0.13450133396189629,0.364060166067644,-0.0,0.8165723617229298
0.10115251369114264,0.4336898322587804,-0.0,0.8212321573262858
0.07994920671769003,0.560039329159774,-0.0,0.7812445093177813
0.07851450318391724,0.7326589759545521,-0.0,0.6303984417729025
0.11167061018832346,0.8947134776252094,0.0,0.45865103963798515
0.2994312388810828,0.9828396493449194,0.0,0.0
0.8232129965033556,0.9640425770346478,0.0,0.0
0.9151186874340015,0.8361837514510776,0.0,0.0
0.9237801645909391,0.657333275470896,0.13675202365929454,0.0
0.905274974634277,0.5123893145210848,0.4332209182817496,0.0
0.8731573264089869,0.42745652032624126,0.6432163230649094,-0.0
0.8357318046614052,0.39013593599375546,0.7600840417800014,-0.0
0.7990817555889422,0.38503159200806625,0.8335010548460917,-0.0
0.7666480993803421,0.40006930755580594,0.895672558891675,-0.0
0.7391644242695184,0.4260072304150044,0.936117590214942,-0.0
0.7156254920314283,0.4555214234103047,0.9557242790657696,-0.0
0.6942543677417936,0.48247397296301453,0.9517671812727327,-0.0
0.6734028074931524,0.5011119979276326,0.9223869084271962,-0.0
0.6524150805502573,0.5052994502288183,0.8666553435954337,-0.0
0.632441860217636,0.4880595380183361,0.7882207114571275,-0.0
0.6169202671549162,0.44173067355760975,0.7070728401841628,-0.0
0.6108332877499615,0.3612707559987545,0.6329511207377069,-0.0
0.6191467265886988,0.25185885126350804,0.5887679081581547,-0.0
0.6491564391170619,0.13738908332612115,0.4971174142845694,-0.0
0.7345209296580097,0.05223632798512334,0.14954137551826716,0.0
1.0,0.021586322189860497,0.0,0.0
0.0,0.017903172579325267,-0.0,0.6527294934802373
0.2943650305730666,0.04689514522076605,0.0,0.0
0.3776709452218073,0.1237465553657735,0.0,0.0
0.3953452181703465,0.22211869674979884,0.0,0.0
0.38751896686267295,0.3112830192943089,0.0,0.48288570548859233
0.3690814568005369,0.373500179884493,-0.0,0.524356989991692
0.3475040195980192,0.4061546382390589,-0.0,0.6384743806145008
0.3261754567835356,0.41440212862164527,-0.0,0.7743246583358402
0.30604898527171387,0.4052004848942462,-0.0,0.8551965208275261
0.2863735524647288,0.38507069335843375,-0.0,0.8954474632759974
0.2652593554695872,0.35997337378928024,-0.0,0.9032749644167292
0.2403102507572042,0.3358710415722863,-0.0,0.8837316460961154
0.2095737179556717,0.3194920257644981,-0.0,0.8461654376870535
0.17301933417300125,0.3191727437645778,-0.0,0.8125413604494084
0.13385926235174173,0.34732785575020153,-0.0,0.8021637013440952
0.09907334154052273,0.41813145023043347,-0.0,0.8120767620292604
0.07685007772991963,0.5470174733107962,-0.0,0.7755494923387964
0.07444209998707643,0.7246252530177828,-0.0,0.6292917682865334
0.1055935387004894,0.8921460537904133,0.0,0.45764198911673076
0.28845437980064575,0.9833480315897812,0.0,0.0
0.8306560913120044,0.9644131211421446,0.0,0.0
0.9196045385706652,0.8325298103491673,0.0,0.0
0.9270942291596075,0.6480765413677653,0.120583832225364,0.0
0.9079396662446547,0.49954381017632155,0.40951638830095755,0.0
0.8751291087399191,0.41261838107339677,0.6252390858321595,-0.0
0.8367219165733858,0.3735463827884631,0.7457143010046962,-0.0
0.7988165054495152,0.366501238447674,0.8133121773415569,-0.0
0.7651242225724921,0.3796240385663097,0.8731262499048249,-0.0
0.7364993731697463,0.40338670484516725,0.9111074935655986,-0.0
0.7121757243954329,0.4305165001920791,0.9287860647464983,-0.0
0.6906167438702676,0.4547733581262315,0.9245824346890181,-0.0
0.6704180783174984,0.4704151160424572,0.8954872587994162,-0.0
0.6510925115706077,0.47152278327813374,0.8420204020793576,-0.0
0.6337744347624324,0.4516809412751789,0.7726542141890337,-0.0
0.6214657322437558,0.4046453084278059,0.6956454899615008,-0.0
0.6184180272936738,0.3274385026077294,0.623465766935311,-0.0
0.6291069197790017,0.2269452374976449,0.5854493461691133,-0.0
0.6619195493049503,0.12492660035275793,0.4822309758866934,-0.0
0.7511685531602806,0.05033323749483633,0.10745966488729462,0.0
1.0,0.02347359468371592,0.0,0.0
0.0,0.01956320593357861,-0.0,0.6531277375034423
0.27441751660505065,0.04439385355650775,0.0,0.0
0.3636904278752122,0.11067117386288018,0.0,0.0
0.3871347901517982,0.19707886124001844,0.0,0.0
0.38428294174986993,0.2782427332880357,0.0,0.47450353558462655
0.3697379533504823,0.3376431542854236,-0.0,0.5175660184777348
0.350871242861834,0.37109562150010145,-0.0,0.5989572281053926
0.3312086933105046,0.3819199190765755,-0.0,0.7221009285993609
0.3116959959137727,0.37573370826306446,-0.0,0.8068548509420218
0.29178314680516537,0.3586460497975722,-0.0,0.8498914107276587
0.2697182569299368,0.3363861183929953,-0.0,0.8603010770799463
0.24327144712566026,0.31489677672033506,-0.0,0.8446605524050433
0.21073055923679845,0.30093681316088305,-0.0,0.8135901329171883
0.1723636614048775,0.3026972387916684,-0.0,0.7904262594030684
0.13182237581125136,0.33291811967102547,-0.0,0.78827895429354
0.09621785138189488,0.4057213409570319,-0.0,0.8019259361489692
0.07358156357366068,0.5374239550529282,-0.0,0.7677383785019231
0.07066462138193463,0.7191841857611001,-0.0,0.6236292374533156
0.10020502641968279,0.890634395556498,0.0,0.4589273671319977
0.2782730571162881,0.9838913506087986,0.0,0.0
0.8373452752364978,0.9650165641332322,0.0,0.0
0.9236689508697802,0.8304629386882847,0.0,0.0
0.9304406970163867,0.6416105473909594,0.11867199220847748,0.0
0.9111685280957394,0.4895068275782863,0.37571014754082205,0.0
0.8782343697158641,0.39999730581384707,0.5998047676973984,-0.0
0.8393291873649592,0.35831997049348197,0.7243578610859682,-0.0
0.8005068211516716,0.3483932342164834,0.788849204795153,-0.0
0.7657010577089912,0.3586172852827771,0.8466761292301762,-0.0
0.7359969349904898,0.37930552491395814,0.8818842461761676,-0.0
0.7109032733655523,0.4032946580326353,0.8965664443365301,-0.0
0.6891421399259161,0.42428730109073903,0.8920336674750508,-0.0
0.6695903277820643,0.43654495662657633,0.8641835608465545,-0.0
0.6518876286678563,0.43457542930514503,0.8150259170581728,-0.0
0.6371096987375221,0.4125964733585219,0.752407325510543,-0.0
0.6278374176661027,0.36575967257156916,0.6842211392475915,-0.0
0.6276378091597248,0.2930146833850342,0.6242763603358288,-0.0
0.6407400680733113,0.20246061888324773,0.5784523850875001,-0.0
0.6767142078743162,0.11316094192920959,0.4590827462688269,-0.0
0.7693567760540854,0.048747765217250695,0.0749339363652422,0.0
1.0,0.025600389516790414,0.0,0.0
0.0,0.021451299649495548,-0.0,0.6537021241095744
0.2523176250034425,0.04232109475098772,0.0,0.0
0.34686951459076487,0.0984190228241059,0.0,0.0
0.3762506348218899,0.17283358045755562,0.0,0.0
0.37856893904632505,0.24516005441276448,0.0,0.4569834942423927
0.36814263126566676,0.3006140214112347,-0.0,0.5225690992899243
0.35215304233109246,0.33402435817640963,-0.0,0.5748401182774492
0.33415694533270396,0.3470208910651254,-0.0,0.6634871145538753
0.3152474869599124,0.34393504597866326,-0.0,0.7484084856349386
0.2949871795110103,0.33028296488946995,-0.0,0.7948983579949593
0.2718157637935521,0.3114934271627366,-0.0,0.80887191048222
0.2437459836618402,0.2934272681934722,-0.0,0.7997478664850728
0.20942055001278748,0.2828188284752283,-0.0,0.7806470434044667
0.16957377371303953,0.2879470152388707,-0.0,0.7688145603313421
0.12816926639661488,0.3209418827751881,-0.0,0.778209142177792
0.09246857152562038,0.39664607500531623,-0.0,0.7904009746060605
0.07007747835968717,0.5315421910713268,-0.0,0.7577806024792155
0.06712292816323537,0.7166045959729139,-0.0,0.6135081212142984
0.09541772871884581,0.8902961457447851,0.0,0.4624094051743819
0.26891109868071494,0.9844825677384089,0.0,0.0
0.8432803634738095,0.9658748051494125,0.0,0.0
0.927385221147859,0.8301323893702544,0.0,0.0
0.933866638959687,0.6381704574437819,0.10223087419049107,0.0
0.9150204608171986,0.4824946141966826,0.32864016114071154,0.0
0.8825732355730443,0.3897631908397461,0.5641814262734184,-0.0
0.8437339984326164,0.3446368267580811,0.696531949722136,-0.0
0.8044631489681251,0.3311385529961251,0.764407184984182,-0.0
0.7687211462004702,0.3372531149029426,0.8168701395009837,-0.0
0.7380613302452851,0.35396406116416307,0.8486035511562724,-0.0
0.7122696348105331,0.3740466023864404,0.862170176267699,-0.0
0.69032720491496,0.3912486550505479,0.8565505189093354,-0.0
0.6714559340790994,0.3997137565124403,0.8299894215132261,-0.0
0.6552743955970542,0.39494071039634204,0.7872579895002397,-0.0
0.6428681334968772,0.37143823655552166,0.7294713064164158,-0.0
0.636374641929592,0.3258691466351174,0.6673431989961044,-0.0
0.6387745984301355,0.2590390591263127,0.6263774166428462,-0.0
0.6544934301432496,0.17902701031102153,0.5688124967628735,-0.0
0.6938629297018915,0.10228866943408615,0.4266858919988863,0.0
0.7890164253992887,0.04760310332483961,0.03755779032747544,0.0
1.0,0.02800231154156238,0.0,0.0
0.0,0.02362896852691271,-0.0,0.6545317834243279
0.22816046442104126,0.040807428469979326,0.0,0.0
0.3266800600053509,0.08730435367238291,0.0,0.0
0.36203058275053857,0.15002722949881575,0.0,0.0
0.3696215547377065,0.21291841979804593,0.0,0.4418800177788238
0.3634641721039359,0.26334021093844184,-0.0,0.525747927786143
0.35049113886788247,0.2957254674832644,-0.0,0.5541091686101663
0.33421658036233026,0.31027125814499323,-0.0,0.6178694587548561
0.3158891580037822,0.3102813916496121,-0.0,0.6850829558637083
0.2951924000871987,0.30036571915657123,-0.0,0.7331136515895696
0.27083505508135425,0.28563694559092506,-0.0,0.7536267885838196
0.24110309294072102,0.2717765350976572,-0.0,0.7553798381094855
0.2051521389865774,0.2654219289070987,-0.0,0.7506617501118025
0.1642489216729913,0.2748295675156497,-0.0,0.748939358767118
0.12274398950492009,0.31166063645005726,-0.0,0.7712747407892534
0.0877679132929032,0.39120276881610244,-0.0,0.7780418364969814
0.0663106468143996,0.5296851243297258,-0.0,0.7454686248053053
0.06378044012737072,0.7171356370893811,-0.0,0.5967037048235547
0.09115897417799888,0.8912257763339932,0.0,0.4670290563596865
0.26035699082682007,0.9851633522496546,0.0,0.0
0.8486905200470439,0.9670073090419201,0.0,0.0
0.9307968526197502,0.8316502275062925,0.0,0.0
0.9373946799070972,0.6380201411014935,0.0687360865824172,0.0
0.9195260301960654,0.47889528477717014,0.263558585777442,0.0
0.8881963355472394,0.38219704735410753,0.517590036441899,-0.0
0.850064591505287,0.3328082290727769,0.6621521119051496,-0.0
0.8108265920667147,0.31470655374255496,0.7398230118089016,-0.0
0.7745295318752053,0.31597078182277644,0.778766330120486,-0.0
0.7431065383306682,0.3278565619209592,0.8126226626421647,-0.0
0.7167433199387689,0.3433109368361695,0.8240643883548223,-0.0
0.6947032776893614,0.35624711921983143,0.8182498727655905,-0.0
0.6763331926756453,0.3612322277714861,0.7951928179157399,-0.0
0.6616242193511177,0.35345703959933733,0.7571095673590206,-0.0
0.6514128404795558,0.3292908862154758,0.7082439853063192,-0.0
0.647410954846099,0.2862858888023471,0.6497762433863111,-0.0
0.6523635872979596,0.22628502380815457,0.618906114134166,-0.0
0.6708426287774921,0.1572239913600179,0.5520246625802174,-0.0
0.7136995161325147,0.09259384783504548,0.38713637387767147,0.0
0.8099752670327874,0.04703913199856408,0.0,0.0
1.0,0.03075375600684508,0.0,0.0
0.0,0.02617676161029226,-0.0,0.6557116437853242
0.20222463873676383,0.039992213337945205,0.0,0.0
0.30265557992809744,0.07764191531028675,0.0,0.0
0.3437310482867058,0.12923583439228437,0.0,0.0
0.35657158163616837,0.18247286188951237,0.0,0.42023412507895974
0.3547312314111254,0.2269867798236254,-0.0,0.5131853642450517
0.34487448680441096,0.25735509813815416,-0.0,0.5472417094597987
0.33040012038097116,0.2728080966233751,-0.0,0.5891878342588707
0.312623813596714,0.2756729508492414,-0.0,0.6403077816481643
0.2914637219867119,0.26967484506433376,-0.0,0.6806354456314155
0.2659518734270904,0.2595072375616033,-0.0,0.7068342832187394
0.2346884772446405,0.25055939061259574,-0.0,0.7202913747109008
0.19745545023352046,0.24927673990549531,-0.0,0.7235477435897318
0.1561701030032316,0.26381700837192457,-0.0,0.7344464111177853
0.11548047164060818,0.3055130560979502,-0.0,0.764638637651479
0.0821356923497987,0.3897982290765597,-0.0,0.7665349424498588
0.062273270685753335,0.5322947115194363,-0.0,0.7309151427846374
0.06061842257304885,0.7210084263333469,-0.0,0.571297148535384
0.08737479574072636,0.8935041913249838,0.0,0.4708130869591434
0.25261489711130547,0.9859227833696822,0.0,0.0
0.8535056128069481,0.9684249346565692,0.0,0.0
0.9339264292315265,0.8351630453399407,0.0,0.0
0.9410228693731565,0.6414591974116894,0.04362375617520857,0.0
0.9246670290892843,0.4791583465916851,0.21114019630429434,0.0
0.8950959954670069,0.3777146890567127,0.46365445473639977,-0.0
0.858382158397261,0.3232856915633011,0.6167676882210331,-0.0
0.8198130692037934,0.29979252827985836,0.7079918438311834,-0.0
0.7834565141084361,0.29544812252006736,0.7456845391125966,-0.0
0.7515340555708699,0.301774284857509,0.7714117388659236,-0.0
0.7248079651069028,0.3120033503613058,0.7868466382075827,-0.0
0.7027640360682811,0.32028354851530966,0.7817764229142332,-0.0
0.6850512771945484,0.3215983875590448,0.7616501049455524,-0.0
0.6716539164560567,0.31173765487329186,0.7298286010578219,-0.0
0.6632788291342124,0.2875981419463352,0.6808273976180094,-0.0
0.6615240517400873,0.24811744910900538,0.6482282391529365,-0.0
0.6689901430541035,0.19575506088245082,0.6033139762614969,-0.0
0.6903486391206185,0.13765727270568667,0.5238426354438063,-0.0
0.7365056913668913,0.0844007068356272,0.34225807037907696,0.0
0.8319400429681044,0.04719948533548962,0.0,0.0
1.0,0.03394885906433893,0.0,0.0
0.0,0.029211808489333968,-0.0,0.6573542061703096
0.1750035997802441,0.04003300670900112,0.0,0.0
0.27442588971602067,0.06971963424689179,0.0,0.0
0.3204982686028496,0.11104498557015621,0.0,0.0
0.3384293535125819,0.15479218064144962,0.0,0.33911539692692494
0.34084027914447884,0.1928616235425217,-0.0,0.49656959655327654
0.3340731653208161,0.22040749157316322,-0.0,0.5542823435457752
0.3214277645731053,0.23612985064287942,-0.0,0.5734117009965654
0.3042831961650962,0.24143439146717594,-0.0,0.6121723027660904
0.2827360405504644,0.2393868344128242,-0.0,0.6485353844029537
0.2561257855825037,0.2341145975308292,-0.0,0.6748335231204493
0.22374134931436665,0.2306525856228202,-0.0,0.6898929580353644
0.18594255576637986,0.23517071507625986,-0.0,0.7034328367248527
0.14523097957922515,0.25563162075891793,-0.0,0.7298060883065484
0.10643270899640739,0.3031409559672428,-0.0,0.7530477679740977
0.0756248065763793,0.3931205014777722,-0.0,0.7555197555550692
0.05801289415425581,0.5399035120584343,-0.0,0.7144864623729296
0.05760570368444729,0.7284534672392161,-0.0,0.533549707586068
0.08401634208734866,0.8971843561276488,0.0,0.46987287241172887
0.2456561168723455,0.9867724480738795,0.0,0.0
0.8577488971840291,0.9701266165551012,0.0,0.0
0.9368065746347505,0.8407429480822539,0.0,0.0
0.9447269666749971,0.6488159151142969,0.0,0.0
0.9303459290074072,0.4835801081489071,0.16020270219447272,0.0
0.9031969944860924,0.3769104796911945,0.40198898675330846,0.0
0.8686697416141991,0.3167115769223602,0.5680832925735996,-0.0
0.8315403557445875,0.28719233278961037,0.6629021444264108,-0.0
0.7957826239869061,0.2765954615847199,0.7158214578129761,-0.0
0.763901427725111,0.2768328294975047,0.7348068055204233,-0.0
0.7369682016052678,0.28138654216707853,0.7438289206851192,-0.0
0.7150361476673471,0.28481856095256197,0.7421383890650264,-0.0
0.6979311640882877,0.2825549921917072,0.7236375052857908,-0.0
0.6857394670041927,0.27100737538903724,0.6925414511980033,-0.0
0.6791038006471601,0.24785471249703517,0.6655842703016168,-0.0
0.6794045160754612,0.2127627885303207,0.635072364150376,-0.0
0.6893521443698049,0.1683878511100717,0.5822218649380573,-0.0
0.7136217350710271,0.12075046810651574,0.48201691763328947,-0.0
0.7624036837918857,0.07784234023279181,0.28415379853453104,0.0
0.8544793874426585,0.04823730763356866,0.0,0.0
1.0,0.037715882325762215,0.0,0.0
0.0,0.032896245306677986,-0.0,0.6595930615742636
0.14720572816449673,0.04112208743877251,0.0,0.22289537301456386
0.24193003241753663,0.06384496499195313,0.0,0.0
0.2915551536434649,0.09596834800841228,0.0,0.0
0.3141153238648421,0.13080387647529726,0.0,0.17304194742698295
0.3205696046797684,0.16230853659127875,0.0,0.478470074673821
0.3168268179589171,0.18646521015806217,-0.0,0.5424524045707089
0.3060274354447828,0.20183386713551468,-0.0,0.583250679002905
0.2896019867491575,0.20921717962039468,-0.0,0.6020593248718609
0.2678813899352,0.21102849141315247,-0.0,0.6274900647730136
0.24062774285321098,0.21084510339418788,-0.0,0.6517194610334472
0.20777572273423817,0.21326779202707294,-0.0,0.672189462124072
0.17041186856001497,0.22415697452472474,-0.0,0.6977494045520933
0.13151271105135012,0.25125335440684504,-0.0,0.7241359668258016
0.09579998904979348,0.30541630389353835,-0.0,0.7406887124123912
0.06840779403239095,0.4021049769547145,-0.0,0.7432136733570041
0.05363343247213359,0.5529942405525115,-0.0,0.6945630693409931
0.05466502511362501,0.7397106151641536,0.0,0.4839034491846285
0.08104794533276924,0.9022871729438782,0.0,0.46793080286022026
0.23945769206393466,0.987719549583408,0.0,0.0
0.8614546501839271,0.9721045777750917,0.0,0.0
0.9394469440784607,0.8484482875730162,0.0,0.0
0.9484648228737685,0.6604472988547433,0.0,0.0
0.9364625468524915,0.4928134260206468,0.0916000843073751,0.0
0.9123396461677434,0.3805647608505217,0.30707360106133674,0.0
0.8807992236236962,0.3139445252845463,0.49293166448188935,-0.0
0.8459938601841571,0.27785597540431584,0.6087776117739134,-0.0
0.8116839263478296,0.26054309413133564,0.6698260979395696,-0.0
0.7804630280893969,0.2543570178053083,0.7016959356299022,-0.0
0.7537624272279468,0.25302196296616136,0.710536116060064,-0.0
0.7321357196330371,0.25159579453098396,0.7046863651615474,-0.0
0.7156821362128741,0.2460247440565804,0.6908655586147845,-0.0
0.7046122250694716,0.23331277163000863,0.6750884944540151,-0.0
0.6995737326612277,0.2117800988520307,0.6479271768152235,-0.0
0.7018981265611848,0.18154655410509174,0.6077735565925486,-0.0
0.714257563686762,0.1450357630124873,0.5413512261717454,-0.0
0.7411507753048394,0.10689185746807267,0.42011155757675794,0.0
0.7912485198702056,0.0733341475270251,0.1800485557434216,0.0
0.8770867500499715,0.05041560724485433,0.0,0.0
1.0,0.042239972778341094,0.0,0.0
0.0,0.037483911684064744,-0.0,0.6626114658781099
0.11971582693842817,0.04353195363918472,0.0,0.3513117527449105
0.20567981872097696,0.060361765886512875,0.0,0.0
0.2564500952720308,0.08452301908611604,0.0,0.0
0.2826185994904996,0.11140265302359842,0.0,0.0
0.2926567407226882,0.1366414352990081,0.0,0.4505667563439718
0.29176436208862905,0.1572023531777834,-0.0,0.5195834119442744
0.28282383441712855,0.17180709810952416,-0.0,0.56944490404489
0.2673237335464796,0.18090937592716122,-0.0,0.6033221859346597
0.2458743991491846,0.18640272477833209,-0.0,0.6297066115820799
0.21873783816957026,0.19135190962128903,-0.0,0.6499411275169991
0.18652958913007234,0.19990967032575035,-0.0,0.6699259674290199
0.15099133666536652,0.21759940001945122,-0.0,0.6907527137045322
0.11536263844699393,0.2519956317537687,-0.0,0.7129402050774647
0.08388203137432959,0.3138966941773499,-0.0,0.7295822797723395
0.06075935901332991,0.4178053424027832,-0.0,0.7260304699748853
0.04924235164238852,0.5722690487993924,-0.0,0.6709234391497861
0.05189939394396511,0.7548632403926221,0.0,0.42930568527869034
0.07844100403147837,0.9088027921620994,0.0,0.46998559807380924
0.23399580177059498,0.9887666273548528,0.0,0.0
0.864600684261457,0.974344417928485,0.0,0.0
0.9418387965207521,0.8582883184809237,0.0,0.0
0.952176991993205,0.6767565186632304,0.0,0.0
0.9428879969818627,0.5077837068531019,0.06369324889892869,0.0
0.9223000682654701,0.389497949615407,0.199420012869789,0.0
0.8944948737158769,0.3160947577409495,0.4073123254445489,0.0
0.8630052250516574,0.2728529746672962,0.5308002651776041,-0.0
0.8311342078559121,0.24864656890756437,0.6077891603123294,-0.0
0.8014384722284714,0.2358625156283686,0.648645979341534,-0.0
0.7756449738355161,0.22867116007385838,0.6650803856426859,-0.0
0.7546907336750103,0.22252926427727243,0.671301661559367,-0.0
0.7390586465301986,0.2139673850510881,0.6629159538683685,-0.0
0.72913392955482,0.20053339314454766,0.6410599079377529,-0.0
0.7256089744383852,0.18098514991200226,0.6117077204978358,-0.0
0.7299259136602734,0.15564060315179723,0.5646735293118345,-0.0
0.7443745635623021,0.12637483868549293,0.4817975300658634,-0.0
0.773065008631133,0.09678467199645137,0.3465251797299284,0.0
0.8224076961645972,0.0712550373191902,0.08624970085040955,0.0
0.8991790855337551,0.05392575803241566,0.0,0.0
1.0,0.04780254892679599,0.0,0.0
0.0,0.043373188560239403,-0.0,0.6666459886676489
0.09348532372300736,0.04766514429230672,0.0,0.4065662111605849
0.1669646079817955,0.059713745639492576,0.0,0.0
0.21548639947536008,0.07726991744610016,0.0,0.0
0.24342393760333358,0.09737358801094806,0.0,0.0
0.2561675046886088,0.11708311237833252,0.0,0.3591658534700216
0.25775848513715693,0.1342529488818412,0.0,0.49431102432398544
0.2507104884339034,0.14794926198271013,-0.0,0.5418662266387866
0.2365350436037406,0.15852566876465105,-0.0,0.5808861604829151
0.21613863312099318,0.16751619204854462,-0.0,0.6092057244007827
0.19031955488599447,0.17755366640358072,-0.0,0.6322209658040749
0.16031312054568203,0.1923989221022327,-0.0,0.655635494480882
0.12830258934916283,0.21730035577213358,-0.0,0.6814284107194079
0.09744802336402465,0.25967459820047306,-0.0,0.704734541463787
0.07129241332878446,0.33016796304871776,-0.0,0.7171102162889579
0.05298170934556011,0.44177637079229726,-0.0,0.7023037903314735
0.044976463449165865,0.5984765219819083,-0.0,0.633519354999192
0.04938041756462591,0.7739520026767072,0.0,0.4147955281596093
0.07617538248189477,0.9166879261098067,0.0,0.4703401089665557
0.229247192593676,0.989912605597089,0.0,0.0
0.867509110221767,0.9769364499432295,0.00011812563242896422,0.0
0.9439822288892668,0.8702384152338296,0.0,0.0
0.955788214993366,0.698175193039666,0.0,0.0
0.9494406773238344,0.5295963101983754,0.0,0.0
0.9327606940682392,0.4055319085220598,0.115922218829883,0.0
0.9093274881737543,0.32456245715500565,0.27877530958773195,0.0
0.8821433994977421,0.27384391495041954,0.42797126299476584,0.0
0.8537702675292392,0.24252260295135353,0.5190506640999949,-0.0
0.8267186689847646,0.22312044009828713,0.5751338808155609,-0.0
0.8027444301671721,0.21018317079327797,0.6040546463993094,-0.0
0.7831100621297039,0.19963631471595264,0.6125265168953322,-0.0
0.7686725826687523,0.18840677026305808,0.6068649622227341,-0.0
0.7600448200485237,0.17450257909625824,0.5875441031444577,-0.0
0.7580199214700669,0.15699411223451756,0.55207909116794,-0.0
0.7639859941898134,0.13608521192224912,0.4907703111606506,-0.0
0.7799036729970887,0.11323274881557785,0.39430036319254813,0.0
0.8088873711553035,0.09088606019028156,0.23665225172365864,0.0
0.8548142866814324,0.07207325344671461,0.0,0.0
0.9201269127690778,0.0592800666387075,0.0,0.0
1.0,0.05481734139789249,0.0,0.0
0.0,0.05122370942314679,-0.0,0.6718907538628285
0.06942566511432093,0.05418447611566937,0.0,0.4303751415491823
0.12787184675418323,0.0625497488702118,0.0,0.29063382996344306
0.17035808450209836,0.07497787086991092,0.0,0.0
0.19732281300542895,0.08964983979997701,0.0,0.0
0.21127230258727484,0.10482569491815344,0.0,0.28929887634375223
0.214690010405431,0.1191850469822668,0.0,0.46362905528078335
0.20959697979771902,0.1322218651109957,-0.0,0.5189283332852864
0.19734997173699556,0.14423664022394123,-0.0,0.5570087902239436
0.1791597123560147,0.15663284255804277,-0.0,0.5894656531324584
0.1562610024311337,0.17175453329775334,-0.0,0.6185269595289717
0.13029932336987746,0.19309085661447678,-0.0,0.6473657863064897
0.10355762551380725,0.22570188656593426,-0.0,0.6748789657162624
0.07876930827635636,0.27693072811326325,-0.0,0.6948090683622926
0.0586649098262535,0.3568859620703613,-0.0,0.7017360176042475
0.045435286244837544,0.47602848378004486,-0.0,0.6727916849251233
0.040916129001696264,0.6324816376515663,-0.0,0.5698245767766106
0.04712388818477822,0.7969687256248983,0.0,0.41480874938826157
0.07423360476034335,0.9258655212291566,0.0,0.46981521651682795
0.22519094072944923,0.9911530253966678,0.0,0.0
0.8699347118360522,0.9797234235095206,0.006776180469956991,0.0
0.9458696804759398,0.8842344769583976,0.0,0.0
0.9592106225012706,0.7251206495255997,0.0,0.0
0.9559072477843092,0.5596736607684217,0.0,0.0
0.9433740379960218,0.4303829091900399,0.044791811272542635,0.0
0.9248851587323011,0.3416553983440118,0.14216105976270013,0.0
0.9026607174458359,0.2829505621126202,0.2828776072479349,0.0
0.8788574212181867,0.24427445378603144,0.3981870496617724,0.0
0.8556194147954923,0.2182080981405535,0.46346157335327753,-0.0
0.8346196182184483,0.19966909132389063,0.5035240064140513,-0.0
0.8172426969260513,0.1849035686609638,0.5196761042114748,-0.0
0.8045276968696512,0.17127062844061525,0.5184684865837037,-0.0
0.7972000611390012,0.15713840681394062,0.49634847945872546,-0.0
0.7968600999496439,0.14119483918190512,0.452378183204191,-0.0
0.803892659004865,0.12401854420029615,0.380944491204756,0.0
0.8200525085207722,0.10640345529952452,0.2760679838698261,0.0
0.847205263696763,0.08989993513448752,0.09094145663695981,0.0
0.8870545624684324,0.07621805756942183,0.0,0.0
0.9393831138895256,0.06714111577049658,0.0,0.0
1.0,0.06397632946619275,0.0,0.0
0.0,0.06225306985427606,-0.0,0.6782515257665191
0.048318200039591544,0.06428782492389118,0.0,0.40769817842454287
0.09096134939220468,0.07001278674341596,0.0,0.4465581565925793
0.12433272545036889,0.07877788731012758,0.0,0.3308328752761565
0.14730103325317515,0.08957417650599414,0.0,0.28797702081017773
0.16036458405030232,0.10147785232771085,0.0,0.34851894046742904
0.16464055093584049,0.11391604515003127,0.0,0.4588650245344911
0.16137517346659336,0.12675596000902342,-0.0,0.5173907008526274
0.1518204864106011,0.14053668182113874,-0.0,0.5561808717877051
0.1371977353770072,0.15659059209477427,-0.0,0.5876054015912788
0.11893230332085838,0.17707576240840983,-0.0,0.6187122064851559
0.09870624228411214,0.2053849327092547,-0.0,0.6458877164561194
0.0785298580226158,0.2465824925582587,-0.0,0.669421601494259
0.06055852510313457,0.3077919574570943,-0.0,0.6830293181774323
0.04671203868266034,0.39782980669933327,-0.0,0.6716673835715794
0.03849131039381459,0.5230037572817335,-0.0,0.6326176049385791
0.03724405431205733,0.674820255047211,0.0,0.46139698983894795
0.04515314519953584,0.8237879099089112,0.0,0.4321038960238952
0.0726038212098664,0.9362292171818944,0.0,0.4707713782140875
0.22180786969883218,0.9924802071402569,0.0,0.0
0.8719459139437777,0.982728107374084,0.016020286242473532,0.0
0.9474739627691151,0.9001490254787992,0.0,0.0
0.9623480866291767,0.7579260331575057,0.0,0.0
0.9620499438086177,0.5997848377654041,0.0,0.0
0.9537023651329276,0.46694591572224126,0.0,0.0
0.9402795623673647,0.3703708499430719,0.04504064834269272,0.0
0.9235175897456263,0.303235978092171,0.12106909396738147,0.0
0.9051120439418268,0.2567531058715484,0.20553502814531072,0.0
0.8866877706405721,0.2239172086513346,0.3074402173287004,0.0
0.8698203905609332,0.1997621378533998,0.35912298815873467,0.0
0.8557500975008764,0.18083648532457794,0.3787288532970338,0.0
0.8456146846060858,0.16467173145423003,0.3788489200507662,0.0
0.8403375903668004,0.14970932432494025,0.35797465803587764,0.0
0.8407642482595079,0.1351002581086839,0.31179505205375413,0.0
0.8479687398570841,0.12079969326018941,0.21220912748234694,0.0
0.8627120582396421,0.1071284921285621,0.09569125471897798,0.0
0.88579491509794,0.09489490129190842,0.0,0.0
0.9174101301221042,0.08505263833858484,0.0,0.0
0.956456873511091,0.07867528904535692,0.0,0.0
1.0,0.07647130670544855,0.0,0.0
0.0,0.07899804453066443,-0.0,0.6851042378930347
0.03073867563529114,0.08042592417706303,0.0,0.3020398778364477
0.058669610707893616,0.08452715065706079,0.0,0.4802780757334294
0.08163161367659824,0.09103543465090629,0.0,0.48979565578907835
0.09841157886963606,0.099555514012612,0.0,0.47476394440818853
0.10865998299408743,0.109746861151678,0.0,0.4835215577732986
0.11265488419245552,0.12150301032699139,-0.0,0.511996998061623
0.11101768236761556,0.13517974664384147,-0.0,0.5437503307322767
0.1046315060473395,0.15150365238281052,-0.0,0.5748069540027939
0.09456668858843903,0.17190655202691738,-0.0,0.6019866987734943
0.08208067260746726,0.19868747168523881,-0.0,0.6261885313943351
0.06846119851619387,0.23518293485286623,-0.0,0.6478308016524194
0.05530946554282358,0.2864872695936229,-0.0,0.6620214255220218
0.04414912431909795,0.3588515776001207,-0.0,0.6526837301993914
0.03618350061059622,0.45843062350269914,-0.0,0.6285811638280515
0.03249498166344427,0.5853645360148485,-0.0,0.5385252428926713
0.03411960284852771,0.7257755402665843,0.0,0.40278949306797784
0.043495361734699006,0.854140492821738,0.0,0.4789828975127373
0.0712788073601392,0.9476399094695195,0.0,0.4788121821651033
0.21907581387745145,0.9938836191763059,0.0,0.0
0.8735724585402592,0.9859273911835478,0.028438514847473926,0.0
0.9487112712285245,0.917779140048525,0.0,0.0
0.9651025574653413,0.7967226786612511,0.0,0.0
0.9676130769387167,0.6519918597128812,0.0,0.0
0.9632805690179055,0.5193775571850665,0.0,0.0
0.9547645248762762,0.41573833223223833,0.0,0.0
0.9435342298541447,0.339785211627299,0.0,0.0
0.9307783056798504,0.28482376462922737,0.0348889863878561,0.0
0.9177895637218773,0.24464641377116253,0.09818651627571953,0.0
0.9057714006862351,0.21450347300087863,0.1317614514087591,0.0
0.8957439993476131,0.19107800734592711,0.15001143540598916,0.0
0.8886598926968516,0.17209615744214374,0.1492329477025205,0.0
0.8853428377455925,0.15592299389487307,0.13054700156100182,0.0
0.8865323223613519,0.1416227284060973,0.08982877176525929,0.0
0.8927967805016823,0.12887915439329328,0.016392773035685957,0.0
0.9045444935162553,0.11769819211347518,0.0,0.0
0.9218700030375038,0.1081070544926237,0.0,0.0
0.9443960243844358,0.10083384941832982,0.0,0.0
0.97104351466955,0.09626843480453942,0.0,0.0
1.0,0.09470948021012945,0.0,0.0
0.0,0.10729750963103435,-0.0,0.6912273105663479
0.017065070630343036,0.10849172823752576,0.0,0.29950134027693426
0.032826334262354075,0.11191660768734563,0.0,0.42883358262101906
0.04617634028989766,0.11759052026617677,-0.0,0.5094419755453677
0.056336636783984054,0.12552377875437976,-0.0,0.5296273736103734
0.06290315107194114,0.13583162195017295,-0.0,0.5492330861963057
0.0658291104415267,0.14880992958164327,-0.0,0.5649086470488293
0.06540478072184103,0.1650794740497311,-0.0,0.5815604915593804
0.062116619957461636,0.18571335256562832,-0.0,0.5994356018298409
0.056665469050023294,0.212367267741198,-0.0,0.61509537499362
0.04985372887388648,0.24747958832920697,-0.0,0.6246673539086085
0.042612939401108996,0.2944756003496015,-0.0,0.6246143217362243
0.03593870191284575,0.3577024964711172,-0.0,0.6185066726595896
0.0307304611784146,0.441079720749595,-0.0,0.594415557793828
0.027742103105432576,0.5457467417548492,-0.0,0.5118069023473398
0.027725961140774955,0.6653427759167089,0.0,0.3947076669275438
0.031626275172852644,0.7851533359854138,0.0,0.4253413334854917
0.04217617826746363,0.8875978251234644,0.0,0.47862320930125934
0.07025371149169825,0.9599279256525282,0.0,0.4800698736645776
0.21695676861935081,0.995350728828884,0.0,0.0
0.8748336495448212,0.9892917530432497,0.04504104336837181,0.0
0.9499009153866256,0.9369188496121311,0.0,0.0
0.9673820234404031,0.8412662276468961,0.0,0.0
0.9723294194872629,0.7183489911501805,0.0,0.0
0.9716291356584275,0.5936119483207847,0.0,0.0
0.9675562521027238,0.48637951080057507,0.0,0.0
0.9614445880667898,0.40200403675490454,0.0,0.0
0.9540559627243265,0.3376572968128954,0.0,0.0
0.9463281037182916,0.28900342320214945,0.0,0.0
0.9391825351254197,0.2518031870470228,0.0,0.0
0.9332906254597128,0.22287792695694514,0.0,0.0
0.929276195227602,0.1998809781196562,0.0,0.0
0.9277206744395528,0.18123353026725028,0.0,0.0
0.9290813288514226,0.1658921500167475,0.0,0.0
0.9336704375639859,0.15318114660017962,0.0,0.0
0.9416091031240589,0.14278821897024932,0.0,0.0
0.9527729382659105,0.1346214307666832,0.0,0.0
0.9667749428126079,0.12886894832806856,0.0,0.0
0.9828129785165494,0.1250287288032099,0.0,0.0
1.0,0.12380046957698643,0.0,0.0
0.0,0.16477698519698725,-0.0,0.6940507777755354
0.007514617726937475,0.16613582757081802,0.0,0.4022952257968925
0.014527300017743276,0.17004388661871866,0.0,0.31873982838614867
0.02059406152612749,0.17670443120667303,0.0,0.35572489616380903
0.025376614230708663,0.1863773246806089,0.0,0.45755689963626434
0.02867415711967256,0.19948936981866083,-0.0,0.5092848164467542
0.03043706284341612,0.21667036365269868,-0.0,0.5372528199152774
0.030760130077765825,0.23888117024454658,-0.0,0.5523774665159603
0.02987724177289468,0.2673981854279851,-0.0,0.5602957534223715
0.02813285049452512,0.30399750337610293,-0.0,0.5606558252650274
0.02594138711587177,0.35073147007832717,-0.0,0.5481686656442597
0.0237255130196533,0.4102262921013109,-0.0,0.5171758538647232
0.02199790740657128,0.4836877446112185,0.0,0.45522051751757836
0.021200684455830093,0.5706201572378061,0.0,0.38402915992460385
0.02179634970557639,0.6665476649596964,0.0,0.38905926269074714
0.024287526083779338,0.7635712414891692,0.0,0.436675609914273
0.029820409427257163,0.8519947316823815,0.0,0.4790567032700574
0.04121747974857086,0.9235689210279723,0.0,0.4796033967997724
0.0695270124175322,0.9728960365650094,0.0,0.45230468359140985
0.21546781727464434,0.9968684100671314,0.0,0.0
0.8757334224381073,0.9927886794603469,0.06478556333122375,0.0
0.9509024768674367,0.9572869979292885,0.0,0.0
0.9690682040530096,0.8908472014575195,0.0,0.0
0.9759261713729427,0.8000445543799056,0.0,0.0
0.9782375861329461,0.6971543011218159,0.0,0.0
0.9778430615081382,0.5968773261931182,0.0,0.0
0.9759657825219712,0.5087585090790742,0.0,0.0
0.9731935159210492,0.43584367044711486,0.0,0.0
0.9699488344253169,0.37754617305221866,0.0,0.0
0.9668570538986883,0.3313194824373317,0.0,0.0
0.9644326520238045,0.2947845112187404,0.0,0.0
0.9629423238836168,0.2657095615335664,0.0,0.0
0.9626666833297924,0.24243754836983167,0.0,0.0
0.9638159995106308,0.22381949405736473,0.0,0.0
0.9665282400165439,0.20902609243632647,0.0,0.0
0.9708361018390237,0.1974582128665496,0.0,0.0
0.9766266746604314,0.188745380322567,0.0,0.0
0.9836653669666041,0.18255050083345842,0.0,0.0
0.9915996028740199,0.17907760433150796,0.0,0.0
1.0,0.17789606522191534,0.0,0.0
0.0,0.33016817997390063,-0.0,0.6853275238116887
0.0021464292135579426,0.33209701104303546,0.0,0.45674742597034784
0.004192597636268114,0.3382330610393072,0.0,0.4345699492727053
0.006050179191375953,0.3486827708679255,0.0,0.42366591847323887
0.007653116200679016,0.3637660075726218,0.0,0.38838942258053216
0.008965708664257346,0.38391630779975605,0.0,0.36438298891157295
0.009987477039535307,0.4096447910489948,0.0,0.3593952711710727
0.010753112666213418,0.44160353015248544,0.0,0.36106492944461493
0.011334231542286228,0.48027175161508157,0.0,0.3653991652877893
0.011832045125321013,0.5258593203974239,0.0,0.3725069101134606
0.012376149504699998,0.5779609977702658,0.0,0.38524663199692166
0.013101556897923125,0.6362289919953031,0.0,0.41205198170401364
0.014189782251395697,0.6980986262404629,0.0,0.4503914762819223
0.015821838083934656,0.7611431929202159,0.0,0.46549558656654094
0.018342061920264864,0.8219058541310958,0.0,0.47787448578206193
0.02227001964969191,0.8772672406200015,0.0,0.48100123880499324
0.028730894234752495,0.9244746181850848,0.0,0.4859395411911207
0.04063918005830109,0.9613162707936688,-0.0,0.5000123270786707
0.06912314572810112,0.9863221965020719,0.0,0.0
0.21458287197183895,0.9984229616422757,0.0,0.0
0.8762553300973559,0.9963763435562403,0.07263184134280555,0.0
0.951419486012534,0.9784430238093356,0.012332477905484128,0.0
0.9701170023448595,0.9443820165717371,0.0,0.0
0.9781992529065008,0.8956939557677598,0.0,0.0
0.982441483181004,0.83524662812006,0.0,0.0
0.9846897010309019,0.7675993720176607,0.0,0.0
0.985800952619105,0.6979957091602117,0.0,0.0
0.986262003351028,0.6310673998324743,0.0,0.0
0.9862924366701983,0.5702367518026831,0.0,0.0
0.9861534563708438,0.5169436474991016,0.0,0.0
0.9861005720010912,0.4717910545538969,0.0,0.0
0.9862229382736313,0.43393834239639784,0.0,0.0
0.9866350471824438,0.40266613664788514,0.0,0.0
0.9874294649214231,0.37721739347905037,0.0,0.0
0.9886437530391236,0.3568621939377673,0.0,0.0
0.9902795114407091,0.3409523129984783,0.0,0.0
0.9923087068702979,0.3290366030922366,0.0,0.0
0.9946698894020196,0.32075847900456117,0.0,0.0
0.9972736668621527,0.3159263212114836,0.0,0.0
1.0,0.3143919130690976,0.0,0.0
0.0,0.9999999999991903,0.0,0.0
0.0006589042862595805,1.0,0.0,0.0
0.0013264569912524728,1.0,0.0,0.0
0.0020118035891526238,1.0,0.0,0.0
0.002725043353406895,1.0,0.0,0.0
0.0034778949693214426,1.0,0.0,0.0
0.004284358866314618,1.0,0.0,0.0
0.005162476013656546,1.0,0.0,0.0
0.00613528216660953,1.0,0.0,0.0
0.007233630755886795,1.0,0.0,0.0
0.008499552656176768,1.0,0.0,0.0
0.010004789114946597,1.0,0.0,0.0
0.011835174283773144,1.0,0.0,0.0
0.014164199977253903,1.0,0.0,0.0
0.01724893362835466,1.0,0.0,0.0
0.02160851664282972,1.0,0.0,0.0
0.02836724590416854,1.0,0.0,0.0
0.04046042752243002,1.0,0.0,0.0
0.06895925728607086,1.0,0.0,0.0
0.2143034028492094,1.0,0.0,0.0
0.8763679434218931,1.0,0.11104726800954987,0.0
0.9515817005382627,1.0,0.12335726051313162,0.0
0.9704832119787052,1.0,0.1290617650926372,0.0
0.9790229644371776,1.0,0.13223489701909585,0.0
0.9839088882530073,1.0,0.13418140457645786,0.0
0.987116155605478,1.0,0.13537252691165047,0.0
0.9893881034799746,1.0,0.1360768920258416,0.0
0.9911166926615411,1.0,0.13646618470482463,0.0
0.9924892619878912,1.0,0.13663641118689124,0.0
0.9935743297402719,1.0,0.13662077636818198,0.0
0.9945665713380528,1.0,0.13647414922688741,0.0
0.9953812802031803,1.0,0.13617682674920925,0.0
0.9961128952385617,1.0,0.13575656593765326,0.0
0.9967707640803154,1.0,0.13524597158129215,0.0
0.9973770820114007,1.0,0.13468396384579553,0.0
0.99794399934222,1.0,0.13411048457432434,0.0
0.9984828441238561,1.0,0.1335606321605748,0.0
0.9990006145576439,1.0,0.13306029128195343,0.0
0.9994934835696486,1.0000000000000007,0.13261554118277935,0.0
0.9999999999998308,0.9999999999917236,0.1322380371670992,0.0
